Subject,Type,Part,X,Y,Z,,Subject,Type,Part,Axis,Left,Right,Axial
S1,L1,L_Ankle_Angle,15.047828,13.676565,-3.22562,,S1,L1,Ankle,X,15.047828,24.535482,
S1,L1,L_Hip_Angle,31.891657,-9.746799,17.781273,,S1,L1,Ankle,Y,13.676565,,
S1,L1,L_Knee_Angle,-43.126606,1.947226,0.004121,,S1,L1,Ankle,Z,-3.22562,,
S1,L1,L_Shd_Angle,91.510109,-22.610918,65.509064,1,,,Hip,,,,
S1,L1,Model_COG_VEL,-0.427882,-1.297907,0.122365,,,,,,,,
S1,L1,Neck_Angle,5.01376,8.77183,-12.994438,,,,,,,,
S1,L1,R_Ankle_Angle,24.535482,7.808599,-13.449949,,,,,,,,
S1,L1,R_Hip_Angle,74.14093,1.064774,-23.657764,,,,,,,,
S1,L1,R_Knee_Angle,-64.613266,-30.005411,0.000447,,,,,,,,
S1,L1,R_Shd_Angle,49.123772,-55.793453,-10.832424,,,,,,,,
S1,L1,Trunk_Angle,-55.386959,6.387876,-9.139473,,,,,,,,
S1,L1,Trunk_Seg_Angle,86.875175,34.702564,178.823822,,,,,,,,
S1,L2,L_Ankle_Angle,19.100935,19.004906,-16.160828,,,,,,,,
S1,L2,L_Hip_Angle,44.717995,-6.087302,30.094395,,,,,,,,
S1,L2,L_Knee_Angle,-64.148003,10.465255,-0.008569,,,,,,,,
S1,L2,L_Shd_Angle,113.454063,-1.399046,-93.051216,,,,,,,,
S1,L2,Model_COG_VEL,-0.026162,-1.087364,0.838143,,,,,,,,
S1,L2,Neck_Angle,17.488359,-1.019384,10.795856,,,,,,,,
S1,L2,R_Ankle_Angle,32.396961,-0.660036,-14.351532,,,,,,,,
S1,L2,R_Hip_Angle,61.041088,2.772046,-13.245342,,,,,,,,
S1,L2,R_Knee_Angle,-84.044411,-12.354481,0.00748,,,,,,,,
S1,L2,R_Shd_Angle,45.75499,-27.947142,-3.626401,1,,,,,,,
S1,L2,Trunk_Angle,-55.066162,-1.092648,-17.596655,,,,,,,,
S1,L2,Trunk_Seg_Angle,89.148361,30.599945,170.319397,,,,,,,,
S1,LND1,L_Ankle_Angle,20.9359,-14.753735,5.062709,,,,,,,,
S1,LND1,L_Hip_Angle,63.051682,-32.08931,-20.132557,,,,,,,,
S1,LND1,L_Knee_Angle,-56.038269,8.127787,-0.000251,,,,,,,,
S1,LND1,L_Shd_Angle,-10.024236,3.087312,-1.311226,1,,,,,,,
S1,LND1,Model_COG_VEL,0.308421,-1.626046,-0.647185,,,,,,,,
S1,LND1,Neck_Angle,50.074989,15.874122,-24.396082,,,,,,,,
S1,LND1,R_Ankle_Angle,-18.430595,18.100941,15.840983,,,,,,,,
S1,LND1,R_Hip_Angle,52.836571,11.458586,17.69812,,,,,,,,
S1,LND1,R_Knee_Angle,-55.715744,-21.216129,-0.018659,,,,,,,,
S1,LND1,R_Shd_Angle,132.46106,7.986253,40.932343,1,,,,,,,
S1,LND1,Trunk_Angle,-57.19994,-40.071507,24.121532,,,,,,,,
S1,LND1,Trunk_Seg_Angle,106.022949,-22.306032,-170.33345,,,,,,,,
S1,LND2,L_Ankle_Angle,-53.068954,8.668751,30.672409,,,,,,,,
S1,LND2,L_Hip_Angle,16.296566,-1.392409,6.226716,,,,,,,,
S1,LND2,L_Knee_Angle,-24.219446,-13.051253,0.000607,,,,,,,,
S1,LND2,L_Shd_Angle,28.265078,47.807442,7.362314,,,,,,,,
S1,LND2,Model_COG_VEL,-0.291343,-1.800676,-0.119475,,,,,,,,
S1,LND2,Neck_Angle,37.378857,-5.407795,-16.731659,,,,,,,,
S1,LND2,R_Ankle_Angle,23.647396,9.813135,-24.435238,,,,,,,,
S1,LND2,R_Hip_Angle,74.212326,-41.828907,-3.45178,,,,,,,,
S1,LND2,R_Knee_Angle,-63.959564,11.358795,-0.006678,,,,,,,,
S1,LND2,R_Shd_Angle,97.86731,-19.659826,40.226353,,,,,,,,
S1,LND2,Trunk_Angle,-19.095032,41.623577,1.305201,,,,,,,,
S1,LND2,Trunk_Seg_Angle,77.921684,-19.881294,-153.350113,,,,,,,,
S1,R1,L_Ankle_Angle,4.50075,9.843545,-13.790205,,,,,,,,
S1,R1,L_Hip_Angle,87.997925,-3.137825,-7.562997,,,,,,,,
S1,R1,L_Knee_Angle,-48.859344,4.227025,0.016885,,,,,,,,
S1,R1,L_Shd_Angle,88.773788,0.222628,-82.011635,,,,,,,,
S1,R1,Model_COG_VEL,0.312469,-1.76601,-0.265602,,,,,,,,
S1,R1,Neck_Angle,28.844925,-6.973191,-3.11308,,,,,,,,
S1,R1,R_Ankle_Angle,12.456504,3.611866,11.410969,,,,,,,,
S1,R1,R_Hip_Angle,24.547827,-2.43682,-9.401669,,,,,,,,
S1,R1,R_Knee_Angle,-38.64962,-6.263804,-0.008361,,,,,,,,
S1,R1,R_Shd_Angle,15.153646,-36.880768,-22.974157,,,,,,,,
S1,R1,Trunk_Angle,-52.180046,-20.312195,-21.848043,,,,,,,,
S1,R1,Trunk_Seg_Angle,89.303421,32.604313,172.195724,,,,,,,,
S1,R2,L_Ankle_Angle,9.913805,-3.676371,-17.253267,,,,,,,,
S1,R2,L_Hip_Angle,73.04454,-29.006416,-32.096798,,,,,,,,
S1,R2,L_Knee_Angle,-39.503689,9.17378,0.01603,,,,,,,,
S1,R2,L_Shd_Angle,92.284874,25.903061,-35.519131,1,,,,,,,
S1,R2,Model_COG_VEL,0.391157,-2.137722,-0.451026,,,,,,,,
S1,R2,Neck_Angle,33.772167,-14.809975,11.928927,,,,,,,,
S1,R2,R_Ankle_Angle,-8.506457,5.84302,1.356852,,,,,,,,
S1,R2,R_Hip_Angle,10.935838,-21.20079,0.338961,,,,,,,,
S1,R2,R_Knee_Angle,-15.268485,-4.298808,-0.004587,,,,,,,,
S1,R2,R_Shd_Angle,47.499599,-61.450974,-5.699257,1,,,,,,,
S1,R2,Trunk_Angle,-32.236542,-41.148621,-14.690119,,,,,,,,
S1,R2,Trunk_Seg_Angle,74.43959,15.385865,164.640732,,,,,,,,
S1,RND1,L_Ankle_Angle,-32.630871,14.663025,-1.958633,,,,,,,,
S1,RND1,L_Hip_Angle,7.178192,6.934643,8.306678,,,,,,,,
S1,RND1,L_Knee_Angle,-25.100361,-11.63695,0.002261,,,,,,,,
S1,RND1,L_Shd_Angle,23.042768,53.976589,29.289392,,,,,,,,
S1,RND1,Model_COG_VEL,-0.141318,-2.329336,-0.310018,,,,,,,,
S1,RND1,Neck_Angle,42.212257,1.869791,-18.101652,,,,,,,,
S1,RND1,R_Ankle_Angle,14.649766,8.505299,-20.331972,,,,,,,,
S1,RND1,R_Hip_Angle,73.728058,-43.968235,-0.406385,,,,,,,,
S1,RND1,R_Knee_Angle,-56.020992,18.930593,-0.037737,,,,,,,,
S1,RND1,R_Shd_Angle,104.703934,4.658293,34.321857,,,,,,,,
S1,RND1,Trunk_Angle,-23.913292,50.858788,-11.79917,,,,,,,,
S1,RND1,Trunk_Seg_Angle,82.851028,-28.581957,-165.667465,,,,,,,,
S1,RND2,L_Ankle_Angle,-5.916575,1.836588,13.858199,,,,,,,,
S1,RND2,L_Hip_Angle,11.346064,13.375827,-4.383249,,,,,,,,
S1,RND2,L_Knee_Angle,-44.647259,-16.776964,-0.02012,,,,,,,,
S1,RND2,L_Shd_Angle,12.919065,35.667294,20.589174,1,,,,,,,
S1,RND2,Model_COG_VEL,-0.134836,-2.123148,-0.231758,,,,,,,,
S1,RND2,Neck_Angle,35.260361,-18.352533,-30.151905,,,,,,,,
S1,RND2,R_Ankle_Angle,23.749657,16.38917,-3.148451,,,,,,,,
S1,RND2,R_Hip_Angle,70.621674,-36.509426,7.898399,,,,,,,,
S1,RND2,R_Knee_Angle,-69.605255,9.590482,0.002864,,,,,,,,
S1,RND2,R_Shd_Angle,91.571251,-11.181823,60.978981,1,,,,,,,
S1,RND2,Trunk_Angle,-23.559513,31.784172,10.11432,,,,,,,,
S1,RND2,Trunk_Seg_Angle,65.317688,-25.758015,-155.409027,,,,,,,,
S11,L2,L_Ankle_Angle,-14.561004,1.405519,-6.452175,,,,,,x,,
S11,L2,L_Hip_Angle,13.291174,-11.381878,7.132112,,,,,,x,,
S11,L2,L_Knee_Angle,-26.802908,-8.379315,-0.0017,,,,,,x,,
S11,L2,L_Shd_Angle,112.042503,-9.811987,-57.584164,,,,,,x,,
S11,L2,Model_COG_VEL,0.1858,3.040953,-0.350829,,,,,,x,,
S11,L2,Neck_Angle,29.724977,-13.919706,-2.396897,,,,,,y,,
S11,L2,R_Ankle_Angle,23.716627,-9.935524,-19.71104,,,,,,y,,
S11,L2,R_Hip_Angle,63.632973,14.127146,-7.565582,,,,,,y,,
S11,L2,R_Knee_Angle,-68.389862,0.975384,-0.000806,,,,,,y,,
S11,L2,R_Shd_Angle,46.546673,-31.008707,-19.72114,,,,,,z,,
S11,L2,Trunk_Angle,-50.18441,13.6537,-14.539612,,,,,,z,,
S11,L2,Trunk_Seg_Angle,-97.392647,-12.303431,-6.727197,,,,,,z,,
S11,LND1,L_Ankle_Angle,19.300375,-7.263548,-15.846196,,,,,,,,
S11,LND1,L_Hip_Angle,43.687126,8.153932,-0.014298,,,,,,,,
S11,LND1,L_Knee_Angle,-63.988178,8.9484,0.003732,,,,,,,,
S11,LND1,L_Shd_Angle,76.259995,46.656635,-5.441638,,,,,,,,
S11,LND1,Model_COG_VEL,-0.037118,2.750438,-0.391083,,,,,,,,
S11,LND1,Neck_Angle,15.677945,33.422459,-9.494178,,,,,,,,
S11,LND1,R_Ankle_Angle,0.873171,13.433516,1.499826,,,,,,,,
S11,LND1,R_Hip_Angle,42.863605,-5.405785,14.232076,,,,,,,,
S11,LND1,R_Knee_Angle,-80.961693,-3.125643,0.011632,,,,,,,,
S11,LND1,R_Shd_Angle,107.752045,3.907123,30.474058,,,,,,,,
S11,LND1,Trunk_Angle,-51.405785,-11.99571,15.275566,,,,,,,,
S11,LND1,Trunk_Seg_Angle,-91.07885,21.046167,-3.057939,,,,,,,,
S11,LND2,L_Ankle_Angle,-6.957183,-2.021268,-3.719453,,,,,,,,
S11,LND2,L_Hip_Angle,28.281994,13.064756,-7.573071,,,,,,,,
S11,LND2,L_Knee_Angle,-62.653027,-7.438682,-0.004009,,,,,,,,
S11,LND2,L_Shd_Angle,70.827507,39.879227,7.720815,,,,,,,,
S11,LND2,Model_COG_VEL,0.001071,3.133955,-0.389271,,,,,,,,
S11,LND2,Neck_Angle,17.575193,17.742283,-32.155346,,,,,,,,
S11,LND2,R_Ankle_Angle,25.732109,-1.70482,-22.143274,,,,,,,,
S11,LND2,R_Hip_Angle,42.650311,-0.116857,-0.224501,,,,,,,,
S11,LND2,R_Knee_Angle,-60.3284,2.168757,0.002943,,,,,,,,
S11,LND2,R_Shd_Angle,117.25042,-7.479171,54.743431,,,,,,,,
S11,LND2,Trunk_Angle,-57.256546,17.541536,18.580996,,,,,,,,
S11,LND2,Trunk_Seg_Angle,-100.347305,26.593204,20.089659,,,,,,,,
S11,R1,L_Ankle_Angle,-20.257792,8.502995,7.98801,,,,,,,,
S11,R1,L_Hip_Angle,4.480361,-9.549637,-9.43878,,,,,,,,
S11,R1,L_Knee_Angle,-1.28507,-2.67944,0.000918,,,,,,,,
S11,R1,L_Shd_Angle,90.125099,-10.614242,-32.980457,,,,,,,,
S11,R1,Model_COG_VEL,0.184192,3.342015,-0.15468,,,,,,,,
S11,R1,Neck_Angle,16.322672,-16.021868,18.260578,,,,,,,,
S11,R1,R_Ankle_Angle,5.368265,-4.03049,-11.282788,,,,,,,,
S11,R1,R_Hip_Angle,36.585869,1.981625,-1.485096,,,,,,,,
S11,R1,R_Knee_Angle,-37.789547,0.315649,-0.00334,,,,,,,,
S11,R1,R_Shd_Angle,42.755104,-47.158478,-24.609949,,,,,,,,
S11,R1,Trunk_Angle,-23.710438,16.949862,-24.959106,,,,,,,,
S11,R1,Trunk_Seg_Angle,-81.285789,-13.143097,11.922762,,,,,,,,
S11,R3,L_Ankle_Angle,-21.9613,14.900932,9.916195,,,,,,,,
S11,R3,L_Hip_Angle,6.68722,-23.388868,-13.952655,,,,,,,,
S11,R3,L_Knee_Angle,2.294856,-2.228742,0.001173,,,,,,,,
S11,R3,L_Shd_Angle,92.834473,13.799654,-49.237377,,,,,,,,
S11,R3,Model_COG_VEL,0.360624,3.67888,-0.176231,,,,,,,,
S11,R3,Neck_Angle,27.502796,-9.585008,5.937776,,,,,,,,
S11,R3,R_Ankle_Angle,20.236345,-4.109883,-12.610826,,,,,,,,
S11,R3,R_Hip_Angle,68.319519,1.55743,-7.190318,,,,,,,,
S11,R3,R_Knee_Angle,-79.206314,7.280613,-0.00394,,,,,,,,
S11,R3,R_Shd_Angle,16.377123,-46.572311,-39.572872,,,,,,,,
S11,R3,Trunk_Angle,-25.750401,27.039419,-28.81027,,,,,,,,
S11,R3,Trunk_Seg_Angle,-74.822266,-17.874245,2.970627,,,,,,,,
S11,RND1,L_Ankle_Angle,19.715769,-9.852987,-17.382053,,,,,,,,
S11,RND1,L_Hip_Angle,62.67831,1.528399,-11.556722,,,,,,,,
S11,RND1,L_Knee_Angle,-66.116447,4.078678,-0.008082,,,,,,,,
S11,RND1,L_Shd_Angle,79.339165,46.320301,-13.868492,,,,,,,,
S11,RND1,Model_COG_VEL,0.185262,2.930166,-0.177935,,,,,,,,
S11,RND1,Neck_Angle,12.028989,16.791893,-16.269526,,,,,,,,
S11,RND1,R_Ankle_Angle,-30.954311,10.933453,16.538923,,,,,,,,
S11,RND1,R_Hip_Angle,15.232823,-18.021082,4.828625,,,,,,,,
S11,RND1,R_Knee_Angle,-8.058275,-4.795073,-0.001436,,,,,,,,
S11,RND1,R_Shd_Angle,115.871376,-10.708519,47.075912,,,,,,,,
S11,RND1,Trunk_Angle,-41.336235,-21.183838,25.181194,,,,,,,,
S11,RND1,Trunk_Seg_Angle,-89.101105,24.259327,6.833761,,,,,,,,
S11,RND2,L_Ankle_Angle,3.853773,-3.86918,-10.813542,,,,,,,,
S11,RND2,L_Hip_Angle,22.769907,6.145117,-0.210491,,,,,,,,
S11,RND2,L_Knee_Angle,-37.74305,-7.550347,-0.008523,,,,,,,,
S11,RND2,L_Shd_Angle,60.188408,29.581829,4.643752,,,,,,,,
S11,RND2,Model_COG_VEL,0.365407,3.635827,-0.662805,,,,,,,,
S11,RND2,Neck_Angle,17.114878,9.794047,-22.617922,,,,,,,,
S11,RND2,R_Ankle_Angle,-7.48954,16.101221,-8.111171,,,,,,,,
S11,RND2,R_Hip_Angle,23.63736,-5.237243,-3.716547,,,,,,,,
S11,RND2,R_Knee_Angle,-20.026264,-3.936746,0.007093,,,,,,,,
S11,RND2,R_Shd_Angle,102.927223,-8.314053,54.527275,,,,,,,,
S11,RND2,Trunk_Angle,-25.068312,14.684576,6.153847,,,,,,,,
S11,RND2,Trunk_Seg_Angle,-87.308426,34.325336,7.784941,,,,,,,,
S12,L1,L_Ankle_Angle,-25.986971,15.751149,-6.961299,,,,,,,,
S12,L1,L_Hip_Angle,27.441711,-26.312511,0.158047,,,,,,,,
S12,L1,L_Knee_Angle,-18.616785,-6.843549,0.008922,,,,,,,,
S12,L1,L_Shd_Angle,92.904503,10.566619,-65.093201,,,,,,,,
S12,L1,Model_COG_VEL,0.410617,2.29411,-0.089854,,,,,,,,
S12,L1,Neck_Angle,37.7435,-2.426893,-1.087608,,,,,,,,
S12,L1,R_Ankle_Angle,16.158779,-3.846718,-11.899894,,,,,,,,
S12,L1,R_Hip_Angle,64.332565,8.707322,-16.314529,,,,,,,,
S12,L1,R_Knee_Angle,-69.281921,-1.186008,0.008943,,,,,,,,
S12,L1,R_Shd_Angle,8.89461,-37.09082,-33.09626,,,,,,,,
S12,L1,Trunk_Angle,-27.416725,9.213187,-16.276951,,,,,,,,
S12,L1,Trunk_Seg_Angle,-76.178711,-26.722597,-3.512361,,,,,,,,
S12,L2,L_Ankle_Angle,-16.07902,13.45837,-9.966909,,,,,,,,
S12,L2,L_Hip_Angle,20.947695,-28.387495,-9.954535,,,,,,,,
S12,L2,L_Knee_Angle,-17.645224,-1.428001,0.000391,,,,,,,,
S12,L2,L_Shd_Angle,92.037315,1.808557,-45.738949,,,,,,,,
S12,L2,Model_COG_VEL,0.462546,1.88365,0.019125,,,,,,,,
S12,L2,Neck_Angle,28.170061,-13.953035,13.736625,,,,,,,,
S12,L2,R_Ankle_Angle,28.408775,-8.564777,-25.190205,,,,,,,,
S12,L2,R_Hip_Angle,72.483948,22.739727,-19.607147,,,,,,,,
S12,L2,R_Knee_Angle,-65.293098,-7.066812,-0.005055,,,,,,,,
S12,L2,R_Shd_Angle,21.079855,-26.181131,-24.287388,,,,,,,,
S12,L2,Trunk_Angle,-18.471516,3.931772,-19.369524,,,,,,,,
S12,L2,Trunk_Seg_Angle,-73.015404,-21.058702,-13.460983,,,,,,,,
S12,LND1,L_Ankle_Angle,15.085433,-5.788795,-23.234365,,,,,,,,
S12,LND1,L_Hip_Angle,89.61087,6.719679,-32.615322,,,,,,,,
S12,LND1,L_Knee_Angle,-79.134636,-1.477013,-0.00644,,,,,,,,
S12,LND1,L_Shd_Angle,32.932411,17.71913,28.651623,,,,,,,,
S12,LND1,Model_COG_VEL,-0.097375,1.912521,0.194648,,,,,,,,
S12,LND1,Neck_Angle,34.232941,2.834284,-7.501844,,,,,,,,
S12,LND1,R_Ankle_Angle,-23.020079,11.26789,-0.651117,,,,,,,,
S12,LND1,R_Hip_Angle,14.297848,-37.029915,-7.451469,,,,,,,,
S12,LND1,R_Knee_Angle,-6.682068,-0.583283,-0.000712,,,,,,,,
S12,LND1,R_Shd_Angle,79.963943,3.40267,25.120197,,,,,,,,
S12,LND1,Trunk_Angle,-32.68523,-14.099967,16.818874,,,,,,,,
S12,LND1,Trunk_Seg_Angle,-86.401283,20.940624,13.708638,,,,,,,,
S12,LND2,L_Ankle_Angle,26.445992,-7.029471,-12.238789,,,,,,,,
S12,LND2,L_Hip_Angle,58.464275,1.55136,-24.357653,,,,,,,,
S12,LND2,L_Knee_Angle,-57.354931,1.035092,-0.007096,,,,,,,,
S12,LND2,L_Shd_Angle,41.394009,23.838449,17.037918,,,,,,,,
S12,LND2,Model_COG_VEL,-0.45561,2.07083,0.268249,,,,,,,,
S12,LND2,Neck_Angle,26.692953,19.293873,-20.594337,,,,,,,,
S12,LND2,R_Ankle_Angle,-21.343239,17.761553,-1.908427,,,,,,,,
S12,LND2,R_Hip_Angle,23.002735,-24.709436,-0.787293,,,,,,,,
S12,LND2,R_Knee_Angle,-15.834936,-4.912953,0.007318,,,,,,,,
S12,LND2,R_Shd_Angle,107.580627,-2.999739,49.052563,,,,,,,,
S12,LND2,Trunk_Angle,-44.092503,-4.084266,17.115883,,,,,,,,
S12,LND2,Trunk_Seg_Angle,-87.965996,26.223516,3.192546,,,,,,,,
S12,R1,L_Ankle_Angle,-22.145935,14.189371,15.871785,,,,,,,,
S12,R1,L_Hip_Angle,24.312048,-11.112289,10.36327,,,,,,,,
S12,R1,L_Knee_Angle,-44.148727,-2.9284,-0.005052,,,,,,,,
S12,R1,L_Shd_Angle,69.260803,6.35421,-43.24157,,,,,,,,
S12,R1,Model_COG_VEL,0.344212,2.524694,-0.328235,,,,,,,,
S12,R1,Neck_Angle,33.39156,-2.171839,28.766281,,,,,,,,
S12,R1,R_Ankle_Angle,3.242108,0.470658,-2.875004,,,,,,,,
S12,R1,R_Hip_Angle,41.603855,4.276274,-7.257472,,,,,,,,
S12,R1,R_Knee_Angle,-52.98782,-5.962448,0.016448,,,,,,,,
S12,R1,R_Shd_Angle,15.295606,-32.221241,-21.603355,,,,,,,,
S12,R1,Trunk_Angle,-31.5089,-13.586771,-28.855108,,,,,,,,
S12,R1,Trunk_Seg_Angle,-65.609055,-29.126123,-16.901056,,,,,,,,
S12,R2,L_Ankle_Angle,-4.88414,16.407694,-3.889424,,,,,,,,
S12,R2,L_Hip_Angle,26.668812,-9.394769,0.471488,,,,,,,,
S12,R2,L_Knee_Angle,-46.29343,-4.904023,0.010059,,,,,,,,
S12,R2,L_Shd_Angle,77.711792,14.283604,-42.206318,,,,,,,,
S12,R2,Model_COG_VEL,0.346019,2.766753,-0.487199,,,,,,,,
S12,R2,Neck_Angle,25.774271,-5.419967,25.103649,,,,,,,,
S12,R2,R_Ankle_Angle,8.638575,0.129693,-11.533045,,,,,,,,
S12,R2,R_Hip_Angle,47.380348,11.151927,-18.627274,,,,,,,,
S12,R2,R_Knee_Angle,-53.967659,-9.559283,0.009816,,,,,,,,
S12,R2,R_Shd_Angle,27.694067,-49.697269,-19.096079,,,,,,,,
S12,R2,Trunk_Angle,-16.818371,-11.424561,-29.218061,,,,,,,,
S12,R2,Trunk_Seg_Angle,-62.094952,-17.624439,-19.896723,,,,,,,,
S12,RND1,L_Ankle_Angle,16.300674,-6.758891,-14.236853,,,,,,,,
S12,RND1,L_Hip_Angle,65.936356,20.016182,-25.611506,,,,,,,,
S12,RND1,L_Knee_Angle,-57.187222,-12.853269,-0.002604,,,,,,,,
S12,RND1,L_Shd_Angle,12.232754,51.006447,31.430134,,,,,,,,
S12,RND1,Model_COG_VEL,-0.28447,2.568011,-0.216038,,,,,,,,
S12,RND1,Neck_Angle,23.212364,1.773856,-31.508005,,,,,,,,
S12,RND1,R_Ankle_Angle,-16.294823,9.393797,0.274267,,,,,,,,
S12,RND1,R_Hip_Angle,13.440177,-31.40646,-5.441719,,,,,,,,
S12,RND1,R_Knee_Angle,-7.8626,-2.288033,-0.000104,,,,,,,,
S12,RND1,R_Shd_Angle,84.650566,-5.428601,38.144375,,,,,,,,
S12,RND1,Trunk_Angle,-3.244546,2.603672,38.314289,,,,,,,,
S12,RND1,Trunk_Seg_Angle,-49.288303,21.142788,8.058397,,,,,,,,
S12,RND2,L_Ankle_Angle,18.026772,-9.099745,-13.537873,,,,,,,,
S12,RND2,L_Hip_Angle,74.008705,10.866883,-33.829182,,,,,,,,
S12,RND2,L_Knee_Angle,-64.014778,-5.567426,0.003323,,,,,,,,
S12,RND2,L_Shd_Angle,20.419632,26.629848,36.391315,,,,,,,,
S12,RND2,Model_COG_VEL,-0.325229,2.101878,-0.138546,,,,,,,,
S12,RND2,Neck_Angle,44.362244,2.904248,-10.910245,,,,,,,,
S12,RND2,R_Ankle_Angle,-11.838925,10.886005,-9.150362,,,,,,,,
S12,RND2,R_Hip_Angle,21.842491,-30.899538,0.010625,,,,,,,,
S12,RND2,R_Knee_Angle,-15.682485,-4.824598,-0.001493,,,,,,,,
S12,RND2,R_Shd_Angle,106.62661,14.410615,47.742268,,,,,,,,
S12,RND2,Trunk_Angle,-23.115543,-0.385866,27.196405,,,,,,,,
S12,RND2,Trunk_Seg_Angle,-79.652992,29.796335,10.530998,,,,,,,,
S13,L1,L_Ankle_Angle,-12.092862,4.954791,-6.948123,,,,,,,,
S13,L1,L_Hip_Angle,20.788868,-17.958996,-6.39761,,,,,,,,
S13,L1,L_Knee_Angle,1.625911,-0.40591,-0.000526,,,,,,,,
S13,L1,L_Shd_Angle,113.083656,-4.927608,-58.204845,,,,,,,,
S13,L1,Model_COG_VEL,0.267245,2.86837,0.323912,,,,,,,,
S13,L1,Neck_Angle,34.979904,-22.703068,10.717155,,,,,,,,
S13,L1,R_Ankle_Angle,25.878578,-6.738712,-19.344368,,,,,,,,
S13,L1,R_Hip_Angle,60.576088,0.802635,-17.039513,,,,,,,,
S13,L1,R_Knee_Angle,-42.483932,-2.131351,0.006081,,,,,,,,
S13,L1,R_Shd_Angle,43.065407,-50.971241,-18.306723,,,,,,,,
S13,L1,Trunk_Angle,-27.463406,19.353746,-8.640766,,,,,,,,
S13,L1,Trunk_Seg_Angle,-96.954605,-9.839213,2.281429,,,,,,,,
S13,L2,L_Ankle_Angle,-17.191442,0.606965,4.93705,,,,,,,,
S13,L2,L_Hip_Angle,9.720945,-21.124916,-8.786043,,,,,,,,
S13,L2,L_Knee_Angle,-1.220967,0.336783,0.000678,,,,,,,,
S13,L2,L_Shd_Angle,123.488663,-12.22141,-67.030128,,,,,,,,
S13,L2,Model_COG_VEL,0.615146,2.808542,0.401965,,,,,,,,
S13,L2,Neck_Angle,39.327194,-16.731976,19.693851,,,,,,,,
S13,L2,R_Ankle_Angle,26.979805,-3.022648,-12.446494,,,,,,,,
S13,L2,R_Hip_Angle,72.451553,1.41458,-22.736755,,,,,,,,
S13,L2,R_Knee_Angle,-58.412727,-0.970592,0.000031,,,,,,,,
S13,L2,R_Shd_Angle,63.569759,-53.4711,-7.731681,,,,,,,,
S13,L2,Trunk_Angle,-26.846392,19.850887,-8.633089,,,,,,,,
S13,L2,Trunk_Seg_Angle,-88.422821,-4.539954,-1.615187,,,,,,,,
S13,LND1,L_Ankle_Angle,-9.157146,2.682546,-0.644124,,,,,,,,
S13,LND1,L_Hip_Angle,9.786776,-3.991196,12.905477,,,,,,,,
S13,LND1,L_Knee_Angle,-28.647566,-0.706199,0.003835,,,,,,,,
S13,LND1,L_Shd_Angle,44.008308,46.853954,-5.417185,,,,,,,,
S13,LND1,Model_COG_VEL,-0.207664,2.134776,0.110182,,,,,,,,
S13,LND1,Neck_Angle,24.176807,4.036915,-16.003744,,,,,,,,
S13,LND1,R_Ankle_Angle,16.19799,-6.959579,-23.484051,,,,,,,,
S13,LND1,R_Hip_Angle,72.111221,-15.758558,-20.451988,,,,,,,,
S13,LND1,R_Knee_Angle,-59.664196,12.933253,0.007553,,,,,,,,
S13,LND1,R_Shd_Angle,89.064125,-10.842862,52.035915,,,,,,,,
S13,LND1,Trunk_Angle,-45.292927,34.536106,15.361736,,,,,,,,
S13,LND1,Trunk_Seg_Angle,-84.649414,13.615095,16.991953,,,,,,,,
S13,LND2,L_Ankle_Angle,4.943324,-2.57343,-5.928606,,,,,,,,
S13,LND2,L_Hip_Angle,20.474339,-5.507882,10.897132,,,,,,,,
S13,LND2,L_Knee_Angle,-45.19772,0.987176,-0.012624,,,,,,,,
S13,LND2,L_Shd_Angle,61.910732,54.267353,4.985694,,,,,,,,
S13,LND2,Model_COG_VEL,-0.168196,2.272403,0.374791,,,,,,,,
S13,LND2,Neck_Angle,31.270849,19.199594,-18.320597,,,,,,,,
S13,LND2,R_Ankle_Angle,26.869761,-8.063359,-24.21813,,,,,,,,
S13,LND2,R_Hip_Angle,69.828682,-22.083311,-27.412399,,,,,,,,
S13,LND2,R_Knee_Angle,-68.455101,12.36753,0.002121,,,,,,,,
S13,LND2,R_Shd_Angle,101.940086,-5.688695,48.907562,,,,,,,,
S13,LND2,Trunk_Angle,-52.33408,21.661022,16.473282,,,,,,,,
S13,LND2,Trunk_Seg_Angle,-90.210098,-1.491704,17.056149,,,,,,,,
S13,R1,L_Ankle_Angle,15.699451,-1.952975,-13.421369,,,,,,,,
S13,R1,L_Hip_Angle,49.853085,-7.691867,-11.668855,,,,,,,,
S13,R1,L_Knee_Angle,-45.577095,3.071157,0.032318,,,,,,,,
S13,R1,L_Shd_Angle,80.472084,6.4425,-36.76828,,,,,,,,
S13,R1,Model_COG_VEL,0.2517,2.520598,0.505052,,,,,,,,
S13,R1,Neck_Angle,29.243654,-10.214324,27.103415,,,,,,,,
S13,R1,R_Ankle_Angle,-33.545296,8.234686,5.456583,,,,,,,,
S13,R1,R_Hip_Angle,3.420515,-1.25978,-2.616988,,,,,,,,
S13,R1,R_Knee_Angle,-5.947742,3.144535,-0.003873,,,,,,,,
S13,R1,R_Shd_Angle,34.824169,-51.68359,1.431116,,,,,,,,
S13,R1,Trunk_Angle,-4.093793,-30.1215,4.307802,,,,,,,,
S13,R1,Trunk_Seg_Angle,-49.938477,-21.529356,-8.628423,,,,,,,,
S13,R2,L_Ankle_Angle,3.520211,3.340832,-3.152383,,,,,,,,
S13,R2,L_Hip_Angle,57.013241,-13.327424,-23.345213,,,,,,,,
S13,R2,L_Knee_Angle,-38.765881,4.871838,0.001726,,,,,,,,
S13,R2,L_Shd_Angle,87.175568,11.843933,-52.250263,,,,,,,,
S13,R2,Model_COG_VEL,0.313892,2.509869,0.267206,,,,,,,,
S13,R2,Neck_Angle,23.850346,-11.258395,32.421734,,,,,,,,
S13,R2,R_Ankle_Angle,-13.230035,9.152978,-11.68438,,,,,,,,
S13,R2,R_Hip_Angle,11.711981,-8.693235,2.773068,,,,,,,,
S13,R2,R_Knee_Angle,-7.955204,2.550243,-0.00207,,,,,,,,
S13,R2,R_Shd_Angle,46.830601,-52.365822,15.977645,,,,,,,,
S13,R2,Trunk_Angle,-5.461263,-23.034147,-2.957246,,,,,,,,
S13,R2,Trunk_Seg_Angle,-47.707645,-3.029535,-15.192315,,,,,,,,
S13,RND1,L_Ankle_Angle,-21.918257,1.500476,23.553848,,,,,,,,
S13,RND1,L_Hip_Angle,-0.739041,-5.823498,10.865035,,,,,,,,
S13,RND1,L_Knee_Angle,-16.537916,-3.596593,0.00116,,,,,,,,
S13,RND1,L_Shd_Angle,62.623859,67.05999,-50.894039,,,,,,,,
S13,RND1,Model_COG_VEL,-0.180486,2.535579,-0.453087,,,,,,,,
S13,RND1,Neck_Angle,21.609936,6.036093,-34.723625,,,,,,,,
S13,RND1,R_Ankle_Angle,5.664374,1.529509,-23.949846,,,,,,,,
S13,RND1,R_Hip_Angle,48.188065,-23.440603,-21.355146,,,,,,,,
S13,RND1,R_Knee_Angle,-39.605522,4.283151,0.010033,,,,,,,,
S13,RND1,R_Shd_Angle,74.789879,-11.080734,55.717312,,,,,,,,
S13,RND1,Trunk_Angle,-20.327801,23.761593,5.280249,,,,,,,,
S13,RND1,Trunk_Seg_Angle,-57.411434,-2.287036,23.719959,,,,,,,,
S13,RND2,L_Ankle_Angle,19.276138,-3.618315,0.358291,,,,,,,,
S13,RND2,L_Hip_Angle,43.246662,2.939497,-11.298865,,,,,,,,
S13,RND2,L_Knee_Angle,-55.182926,-3.951895,0.004836,,,,,,,,
S13,RND2,L_Shd_Angle,14.170615,58.372158,9.291395,,,,,,,,
S13,RND2,Model_COG_VEL,-0.226368,2.88481,-0.267131,,,,,,,,
S13,RND2,Neck_Angle,20.384453,2.529802,-27.082315,,,,,,,,
S13,RND2,R_Ankle_Angle,-19.428129,11.215891,-16.706234,,,,,,,,
S13,RND2,R_Hip_Angle,-3.075407,-15.097647,-8.838072,,,,,,,,
S13,RND2,R_Knee_Angle,-7.76053,0.007822,-0.00945,,,,,,,,
S13,RND2,R_Shd_Angle,72.280495,-0.778456,61.781116,,,,,,,,
S13,RND2,Trunk_Angle,-16.767836,-1.010768,33.231003,,,,,,,,
S13,RND2,Trunk_Seg_Angle,-53.744038,4.758118,15.466004,,,,,,,,
S14,L1,L_Ankle_Angle,4.757511,10.349193,3.158195,,,,,,,,
S14,L1,L_Hip_Angle,28.184412,-12.807136,8.866125,,,,,,,,
S14,L1,L_Knee_Angle,-34.663391,-2.674179,0.00795,,,,,,,,
S14,L1,L_Shd_Angle,112.018082,-21.316092,-41.055801,,,,,,,,
S14,L1,Model_COG_VEL,0.635337,2.973081,0.095527,,,,,,,,
S14,L1,Neck_Angle,40.741459,-13.484905,22.620527,,,,,,,,
S14,L1,R_Ankle_Angle,16.586794,0.36558,-13.41977,,,,,,,,
S14,L1,R_Hip_Angle,72.329437,2.395451,-8.265259,,,,,,,,
S14,L1,R_Knee_Angle,-75.65416,-5.570573,0.005619,,,,,,,,
S14,L1,R_Shd_Angle,61.510227,-62.883717,-5.898313,,,,,,,,
S14,L1,Trunk_Angle,-39.88261,7.132722,-9.250457,,,,,,,,
S14,L1,Trunk_Seg_Angle,-78.008293,-16.100826,-4.797574,,,,,,,,
S14,L2,L_Ankle_Angle,-20.990902,2.964864,2.103153,,,,,,,,
S14,L2,L_Hip_Angle,9.584687,-8.433022,1.884174,,,,,,,,
S14,L2,L_Knee_Angle,-15.842704,-3.270746,0.001633,,,,,,,,
S14,L2,L_Shd_Angle,121.498367,-9.127056,-55.467422,,,,,,,,
S14,L2,Model_COG_VEL,0.500755,2.912597,-0.432576,,,,,,,,
S14,L2,Neck_Angle,57.711842,-11.062575,11.977951,,,,,,,,
S14,L2,R_Ankle_Angle,18.55444,1.678182,-6.089642,,,,,,,,
S14,L2,R_Hip_Angle,61.618572,-0.331117,-3.532277,,,,,,,,
S14,L2,R_Knee_Angle,-70.495132,3.104011,-0.006851,,,,,,,,
S14,L2,R_Shd_Angle,38.146591,-67.323746,-34.846535,,,,,,,,
S14,L2,Trunk_Angle,-53.280895,7.495619,-9.401031,,,,,,,,
S14,L2,Trunk_Seg_Angle,-96.154663,-7.15515,-2.371002,,,,,,,,
S14,LND1,L_Ankle_Angle,19.022726,0.276691,-3.694856,,,,,,,,
S14,LND1,L_Hip_Angle,77.309502,2.534487,-12.001364,,,,,,,,
S14,LND1,L_Knee_Angle,-71.653954,7.883849,0.021831,,,,,,,,
S14,LND1,L_Shd_Angle,77.137238,57.807407,-3.68337,,,,,,,,
S14,LND1,Model_COG_VEL,0.074536,2.986425,-0.277874,,,,,,,,
S14,LND1,Neck_Angle,51.406746,10.265083,-24.101393,,,,,,,,
S14,LND1,R_Ankle_Angle,-14.465424,16.673925,-0.122494,,,,,,,,
S14,LND1,R_Hip_Angle,21.008074,-10.11129,-6.738717,,,,,,,,
S14,LND1,R_Knee_Angle,-10.001243,-4.210076,-0.003576,,,,,,,,
S14,LND1,R_Shd_Angle,113.687775,-1.730181,33.088573,,,,,,,,
S14,LND1,Trunk_Angle,-22.420351,-9.054171,16.540379,,,,,,,,
S14,LND1,Trunk_Seg_Angle,-93.748108,8.377983,16.49469,,,,,,,,
S14,LND2,L_Ankle_Angle,21.090734,-3.382279,-6.590685,,,,,,,,
S14,LND2,L_Hip_Angle,66.656921,3.909315,-16.150311,,,,,,,,
S14,LND2,L_Knee_Angle,-78.697151,-1.58342,-0.003847,,,,,,,,
S14,LND2,L_Shd_Angle,31.962339,53.28706,26.200144,,,,,,,,
S14,LND2,Model_COG_VEL,0.125424,3.096773,-0.407896,,,,,,,,
S14,LND2,Neck_Angle,41.565994,10.748519,-15.708669,,,,,,,,
S14,LND2,R_Ankle_Angle,-12.476305,11.443708,-11.352913,,,,,,,,
S14,LND2,R_Hip_Angle,9.014956,-8.53161,2.004253,,,,,,,,
S14,LND2,R_Knee_Angle,-18.24206,-2.745355,0.003711,,,,,,,,
S14,LND2,R_Shd_Angle,135.529785,-26.386248,75.703545,,,,,,,,
S14,LND2,Trunk_Angle,-29.801615,-12.928936,26.290815,,,,,,,,
S14,LND2,Trunk_Seg_Angle,-81.327339,10.120593,9.502728,,,,,,,,
S14,R1,L_Ankle_Angle,16.054918,7.185142,-1.868997,,,,,,,,
S14,R1,L_Hip_Angle,36.028622,-15.293983,-7.988364,,,,,,,,
S14,R1,L_Knee_Angle,-43.761402,1.943803,0.000898,,,,,,,,
S14,R1,L_Shd_Angle,107.272011,3.72098,-66.024719,,,,,,,,
S14,R1,Model_COG_VEL,0.189621,3.082813,0.005988,,,,,,,,
S14,R1,Neck_Angle,37.745079,-1.890692,12.493629,,,,,,,,
S14,R1,R_Ankle_Angle,-14.366685,12.114587,-7.866541,,,,,,,,
S14,R1,R_Hip_Angle,10.660691,3.675013,3.526,,,,,,,,
S14,R1,R_Knee_Angle,-21.849529,-2.228405,0.017298,,,,,,,,
S14,R1,R_Shd_Angle,50.101421,-79.73423,-3.234056,,,,,,,,
S14,R1,Trunk_Angle,-24.162817,-15.676339,-3.546493,,,,,,,,
S14,R1,Trunk_Seg_Angle,-64.063606,-6.328094,-9.20658,,,,,,,,
S14,R2,L_Ankle_Angle,21.597466,12.4315,0.104805,,,,,,,,
S14,R2,L_Hip_Angle,64.92025,-8.005531,-1.998103,,,,,,,,
S14,R2,L_Knee_Angle,-63.480648,-2.283353,0.015298,,,,,,,,
S14,R2,L_Shd_Angle,80.543182,19.768473,-38.393097,,,,,,,,
S14,R2,Model_COG_VEL,0.273795,3.104815,-0.357939,,,,,,,,
S14,R2,Neck_Angle,46.01424,-5.909655,10.176787,,,,,,,,
S14,R2,R_Ankle_Angle,-17.86161,14.98644,-2.479821,,,,,,,,
S14,R2,R_Hip_Angle,3.317109,-6.288275,-0.286576,,,,,,,,
S14,R2,R_Knee_Angle,-11.237327,-6.506066,-0.001107,,,,,,,,
S14,R2,R_Shd_Angle,50.639038,-73.978043,-17.390339,,,,,,,,
S14,R2,Trunk_Angle,-19.769028,-19.695133,-7.532311,,,,,,,,
S14,R2,Trunk_Seg_Angle,-63.17276,-0.864189,-12.828813,,,,,,,,
S14,RND1,L_Ankle_Angle,8.394508,-6.261165,-21.185507,,,,,,,,
S14,RND1,L_Hip_Angle,65.986267,-1.180071,-1.650263,,,,,,,,
S14,RND1,L_Knee_Angle,-68.335938,3.7304,0.00063,,,,,,,,
S14,RND1,L_Shd_Angle,29.317856,54.500816,32.175858,,,,,,,,
S14,RND1,Model_COG_VEL,-0.318896,3.150601,-0.214888,,,,,,,,
S14,RND1,Neck_Angle,38.924236,4.776042,-4.268734,,,,,,,,
S14,RND1,R_Ankle_Angle,-7.23279,18.779398,-1.563489,,,,,,,,
S14,RND1,R_Hip_Angle,14.553349,-14.301087,5.888445,,,,,,,,
S14,RND1,R_Knee_Angle,-20.866804,-4.650056,-0.00444,,,,,,,,
S14,RND1,R_Shd_Angle,109.195564,3.903702,66.173767,,,,,,,,
S14,RND1,Trunk_Angle,-30.985327,-12.44163,32.019344,,,,,,,,
S14,RND1,Trunk_Seg_Angle,-67.031433,12.158965,11.49131,,,,,,,,
S14,RND2,L_Ankle_Angle,17.193281,-4.948012,-7.737316,,,,,,,,
S14,RND2,L_Hip_Angle,58.335716,12.12044,-12.382505,,,,,,,,
S14,RND2,L_Knee_Angle,-54.193398,1.352544,0.003178,,,,,,,,
S14,RND2,L_Shd_Angle,21.808388,57.073547,33.828609,,,,,,,,
S14,RND2,Model_COG_VEL,0.230222,3.047788,-0.700897,,,,,,,,
S14,RND2,Neck_Angle,29.058832,15.693635,-17.798248,,,,,,,,
S14,RND2,R_Ankle_Angle,-0.561263,5.508829,-20.372833,,,,,,,,
S14,RND2,R_Hip_Angle,16.141582,-10.436372,3.262648,,,,,,,,
S14,RND2,R_Knee_Angle,-38.430984,-2.987586,-0.004706,,,,,,,,
S14,RND2,R_Shd_Angle,94.90995,-9.718279,54.251686,,,,,,,,
S14,RND2,Trunk_Angle,-32.219528,-11.03603,26.955366,,,,,,,,
S14,RND2,Trunk_Seg_Angle,-66.492325,6.208949,12.797031,,,,,,,,
S15,L1,L_Ankle_Angle,32.963207,4.172866,2.747562,,,,,,,,
S15,L1,L_Hip_Angle,74.691826,-12.41902,-6.687108,,,,,,,,
S15,L1,L_Knee_Angle,-76.619553,8.396326,0.002276,,,,,,,,
S15,L1,L_Shd_Angle,36.559795,44.953945,25.675051,,,,,,,,
S15,L1,Model_COG_VEL,-0.22007,1.924252,0.126863,,,,,,,,
S15,L1,Neck_Angle,9.370457,14.553644,-25.834448,,,,,,,,
S15,L1,R_Ankle_Angle,24.151583,7.699715,-17.112541,,,,,,,,
S15,L1,R_Hip_Angle,42.444344,-32.260582,9.23853,,,,,,,,
S15,L1,R_Knee_Angle,-52.341709,-2.897639,0.000003,,,,,,,,
S15,L1,R_Shd_Angle,106.776421,-0.334842,45.534107,,,,,,,,
S15,L1,Trunk_Angle,-45.225994,7.895426,2.201338,,,,,,,,
S15,L1,Trunk_Seg_Angle,-87.853783,47.097961,9.836329,,,,,,,,
S15,L2,L_Ankle_Angle,12.739361,0.041861,-9.341623,,,,,,,,
S15,L2,L_Hip_Angle,70.416115,-20.534784,-13.211679,,,,,,,,
S15,L2,L_Knee_Angle,-59.258148,9.418168,0.004046,,,,,,,,
S15,L2,L_Shd_Angle,49.612778,37.332298,11.30123,,,,,,,,
S15,L2,Model_COG_VEL,0.079868,2.086574,0.618035,,,,,,,,
S15,L2,Neck_Angle,3.713012,17.040241,-22.988417,,,,,,,,
S15,L2,R_Ankle_Angle,-1.066857,15.790115,-27.851164,,,,,,,,
S15,L2,R_Hip_Angle,26.252544,-31.987846,7.935764,,,,,,,,
S15,L2,R_Knee_Angle,-29.047859,-8.467605,-0.008054,,,,,,,,
S15,L2,R_Shd_Angle,96.869637,-1.324958,27.027197,,,,,,,,
S15,L2,Trunk_Angle,-51.493866,4.417102,-0.735337,,,,,,,,
S15,L2,Trunk_Seg_Angle,-95.60482,48.566113,11.456691,,,,,,,,
S15,LND1,L_Ankle_Angle,30.166983,12.330813,13.038277,,,,,,,,
S15,LND1,L_Hip_Angle,72.891914,-23.001152,16.865112,,,,,,,,
S15,LND1,L_Knee_Angle,-92.218201,1.239813,0.004856,,,,,,,,
S15,LND1,L_Shd_Angle,140.931137,-10.401493,-53.737392,,,,,,,,
S15,LND1,Model_COG_VEL,0.217062,1.725481,0.199068,,,,,,,,
S15,LND1,Neck_Angle,39.507137,-23.975344,13.286088,,,,,,,,
S15,LND1,R_Ankle_Angle,17.648746,13.055967,-5.056425,,,,,,,,
S15,LND1,R_Hip_Angle,85.557274,-19.009651,-7.952335,,,,,,,,
S15,LND1,R_Knee_Angle,-77.762871,1.882143,-0.005005,,,,,,,,
S15,LND1,R_Shd_Angle,83.667267,-56.185291,-8.668404,,,,,,,,
S15,LND1,Trunk_Angle,-65.975754,1.701518,4.302078,,,,,,,,
S15,LND1,Trunk_Seg_Angle,-99.297707,-23.89887,-8.515862,,,,,,,,
S15,LND2,L_Ankle_Angle,23.330914,14.041842,10.262403,,,,,,,,
S15,LND2,L_Hip_Angle,58.002007,-29.57711,11.068682,,,,,,,,
S15,LND2,L_Knee_Angle,-59.798512,-5.487345,0.005823,,,,,,,,
S15,LND2,L_Shd_Angle,107.758804,-3.014451,-43.794811,,,,,,,,
S15,LND2,Model_COG_VEL,0.356056,1.588631,0.65473,,,,,,,,
S15,LND2,Neck_Angle,23.134722,-24.315197,19.687223,,,,,,,,
S15,LND2,R_Ankle_Angle,29.518158,7.258493,-1.846227,,,,,,,,
S15,LND2,R_Hip_Angle,67.148567,-9.09978,-15.177729,,,,,,,,
S15,LND2,R_Knee_Angle,-68.129311,5.286974,0.002087,,,,,,,,
S15,LND2,R_Shd_Angle,54.980202,-38.247925,3.052099,,,,,,,,
S15,LND2,Trunk_Angle,-51.158344,-9.604722,-1.207601,,,,,,,,
S15,LND2,Trunk_Seg_Angle,-91.698204,-34.261921,-10.889642,,,,,,,,
S15,R1,L_Ankle_Angle,21.671635,-3.409917,-15.869349,,,,,,,,
S15,R1,L_Hip_Angle,58.260544,-19.022076,-16.107,,,,,,,,
S15,R1,L_Knee_Angle,-51.737118,-4.52728,-0.00336,,,,,,,,
S15,R1,L_Shd_Angle,27.314302,44.991001,38.108017,,,,,,,,
S15,R1,Model_COG_VEL,-0.281285,2.061801,-0.174012,,,,,,,,
S15,R1,Neck_Angle,-0.495654,9.870948,-33.309113,,,,,,,,
S15,R1,R_Ankle_Angle,-15.004916,20.408773,-19.411396,,,,,,,,
S15,R1,R_Hip_Angle,22.438477,-27.174362,2.873864,,,,,,,,
S15,R1,R_Knee_Angle,-7.966655,-7.187497,-0.003358,,,,,,,,
S15,R1,R_Shd_Angle,99.809082,6.624763,41.397713,,,,,,,,
S15,R1,Trunk_Angle,-38.043526,-7.618464,10.728386,,,,,,,,
S15,R1,Trunk_Seg_Angle,-74.620193,43.858345,-3.295987,,,,,,,,
S15,R2,L_Ankle_Angle,31.668726,7.306267,0.425288,,,,,,,,
S15,R2,L_Hip_Angle,42.620956,-15.160657,-8.138428,,,,,,,,
S15,R2,L_Knee_Angle,-56.217251,1.600496,0.00339,,,,,,,,
S15,R2,L_Shd_Angle,35.60791,55.187084,18.067614,,,,,,,,
S15,R2,Model_COG_VEL,0.033244,2.188547,-0.024948,,,,,,,,
S15,R2,Neck_Angle,-6.593769,15.755167,-36.170094,,,,,,,,
S15,R2,R_Ankle_Angle,-21.254559,21.464485,-8.232327,,,,,,,,
S15,R2,R_Hip_Angle,14.446639,-20.540926,3.174624,,,,,,,,
S15,R2,R_Knee_Angle,-7.462377,-5.2839,-0.004918,,,,,,,,
S15,R2,R_Shd_Angle,103.135933,4.448327,53.523514,,,,,,,,
S15,R2,Trunk_Angle,-24.992872,-8.527849,12.381277,,,,,,,,
S15,R2,Trunk_Seg_Angle,-60.29163,40.164406,-20.757605,,,,,,,,
S15,RND1,L_Ankle_Angle,-10.674605,3.746442,4.079671,,,,,,,,
S15,RND1,L_Hip_Angle,24.428446,-16.006235,11.03239,,,,,,,,
S15,RND1,L_Knee_Angle,-30.473234,-4.763606,0.001423,,,,,,,,
S15,RND1,L_Shd_Angle,95.844627,-8.659242,-25.068661,,,,,,,,
S15,RND1,Model_COG_VEL,0.309086,2.269243,0.24249,,,,,,,,
S15,RND1,Neck_Angle,5.704936,-30.298569,23.34289,,,,,,,,
S15,RND1,R_Ankle_Angle,23.532949,6.411922,-11.304098,,,,,,,,
S15,RND1,R_Hip_Angle,39.782593,0.37724,-12.085403,,,,,,,,
S15,RND1,R_Knee_Angle,-47.075867,-5.786635,-0.000621,,,,,,,,
S15,RND1,R_Shd_Angle,34.189072,-54.78476,-7.550655,,,,,,,,
S15,RND1,Trunk_Angle,-34.264828,5.307597,-16.30757,,,,,,,,
S15,RND1,Trunk_Seg_Angle,-65.432945,-25.921297,2.87116,,,,,,,,
S15,RND2,L_Ankle_Angle,-10.665246,4.549664,7.716937,,,,,,,,
S15,RND2,L_Hip_Angle,20.109739,-14.760871,7.082191,,,,,,,,
S15,RND2,L_Knee_Angle,-22.423601,-4.569469,-0.000506,,,,,,,,
S15,RND2,L_Shd_Angle,96.594521,-13.122334,-33.506687,,,,,,,,
S15,RND2,Model_COG_VEL,0.120364,2.255267,0.234362,,,,,,,,
S15,RND2,Neck_Angle,8.12619,-29.998129,16.775055,,,,,,,,
S15,RND2,R_Ankle_Angle,18.81838,5.531723,-9.531034,,,,,,,,
S15,RND2,R_Hip_Angle,42.704372,1.877525,-8.735716,,,,,,,,
S15,RND2,R_Knee_Angle,-49.855442,-0.765035,0.013015,,,,,,,,
S15,RND2,R_Shd_Angle,10.74266,-44.034622,-33.300396,,,,,,,,
S15,RND2,Trunk_Angle,-34.907475,9.351344,-16.330097,,,,,,,,
S15,RND2,Trunk_Seg_Angle,-70.425568,-31.090008,4.008212,,,,,,,,
S2,L1,L_Ankle_Angle,36.706425,-5.612483,-11.078346,,,,,,,,
S2,L1,L_Hip_Angle,38.112244,-5.665352,-28.527487,,,,,,,,
S2,L1,L_Knee_Angle,-58.463333,-1.40211,-0.000171,,,,,,,,
S2,L1,L_Shd_Angle,35.11969,41.097031,0.867891,,,,,,,,
S2,L1,Model_COG_VEL,0.06893,-2.576153,-0.237431,,,,,,,,
S2,L1,Neck_Angle,32.347118,8.362784,-15.273207,,,,,,,,
S2,L1,R_Ankle_Angle,-19.11145,31.398291,-14.713738,,,,,,,,
S2,L1,R_Hip_Angle,13.269799,-11.301131,17.2495,,,,,,,,
S2,L1,R_Knee_Angle,-11.528174,-3.676676,0.002199,,,,,,,,
S2,L1,R_Shd_Angle,104.925606,9.579218,46.255939,,,,,,,,
S2,L1,Trunk_Angle,-34.466087,-6.621771,28.649027,,,,,,,,
S2,L1,Trunk_Seg_Angle,78.891884,-26.504446,-179.990463,,,,,,,,
S2,L2,L_Ankle_Angle,27.19799,-4.217478,1.977587,,,,,,,,
S2,L2,L_Hip_Angle,48.481117,-3.785904,-23.224775,,,,,,,,
S2,L2,L_Knee_Angle,-55.892849,-12.321911,0.017016,,,,,,,,
S2,L2,L_Shd_Angle,43.438061,44.494747,10.704565,,,,,,,,
S2,L2,Model_COG_VEL,0.197518,-2.630959,-0.223909,,,,,,,,
S2,L2,Neck_Angle,31.029192,20.585442,-18.340384,,,,,,,,
S2,L2,R_Ankle_Angle,-21.44812,11.729305,-14.155295,,,,,,,,
S2,L2,R_Hip_Angle,12.355169,2.063895,0.332868,,,,,,,,
S2,L2,R_Knee_Angle,-16.519348,-2.592159,-0.00414,,,,,,,,
S2,L2,R_Shd_Angle,102.1744,7.357838,34.810238,,,,,,,,
S2,L2,Trunk_Angle,-24.641773,6.69108,23.960487,,,,,,,,
S2,L2,Trunk_Seg_Angle,80.711838,-15.926044,-177.675842,,,,,,,,
S2,LND1,L_Ankle_Angle,-30.518679,8.214489,3.384948,,,,,,,,
S2,LND1,L_Hip_Angle,15.371025,-21.294178,8.628622,,,,,,,,
S2,LND1,L_Knee_Angle,-3.710184,-3.53815,-0.004428,,,,,,,,
S2,LND1,L_Shd_Angle,124.884781,-22.373123,-28.990391,,,,,,,,
S2,LND1,Model_COG_VEL,0.137895,-2.1273,-0.265388,,,,,,,,
S2,LND1,Neck_Angle,45.386364,-7.577454,9.956391,,,,,,,,
S2,LND1,R_Ankle_Angle,26.018517,-3.223347,-9.987506,,,,,,,,
S2,LND1,R_Hip_Angle,66.312202,0.407267,-28.268814,,,,,,,,
S2,LND1,R_Knee_Angle,-54.926559,-18.102905,-0.000094,,,,,,,,
S2,LND1,R_Shd_Angle,85.622803,-55.06826,19.991806,1,,,,,,,
S2,LND1,Trunk_Angle,-47.837116,21.837906,-13.435697,,,,,,,,
S2,LND1,Trunk_Seg_Angle,90.815109,26.356714,176.49614,,,,,,,,
S2,LND2,L_Ankle_Angle,-11.184431,11.515405,-0.399151,,,,,,,,
S2,LND2,L_Hip_Angle,22.603291,-14.572393,6.184029,,,,,,,,
S2,LND2,L_Knee_Angle,-11.743779,-6.005777,-0.001458,,,,,,,,
S2,LND2,L_Shd_Angle,113.179756,-10.268755,-50.468433,1,,,,,,,
S2,LND2,Model_COG_VEL,-0.517259,-2.389019,-0.346142,,,,,,,,
S2,LND2,Neck_Angle,37.678814,-5.01161,20.838284,,,,,,,,
S2,LND2,R_Ankle_Angle,48.444809,-14.528502,-20.773174,,,,,,,,
S2,LND2,R_Hip_Angle,61.250896,2.631306,-19.528408,,,,,,,,
S2,LND2,R_Knee_Angle,-61.6623,-13.030875,0.015133,,,,,,,,
S2,LND2,R_Shd_Angle,65.86776,-51.033066,26.773418,1,,,,,,,
S2,LND2,Trunk_Angle,-32.815113,15.974949,-37.538906,,,,,,,,
S2,LND2,Trunk_Seg_Angle,92.875587,20.860973,165.657135,,,,,,,,
S2,R1,L_Ankle_Angle,-5.695478,7.134345,-8.153161,,,,,,,,
S2,R1,L_Hip_Angle,16.989832,-10.309014,-10.412767,,,,,,,,
S2,R1,L_Knee_Angle,-19.944098,3.162937,-0.002219,,,,,,,,
S2,R1,L_Shd_Angle,48.223648,52.939388,-10.251174,1,,,,,,,
S2,R1,Model_COG_VEL,-0.094374,-2.748536,0.043648,,,,,,,,
S2,R1,Neck_Angle,23.220741,16.855387,-20.490133,,,,,,,,
S2,R1,R_Ankle_Angle,-19.247957,8.185513,7.43049,,,,,,,,
S2,R1,R_Hip_Angle,24.22035,5.008929,-6.280235,,,,,,,,
S2,R1,R_Knee_Angle,-21.584272,-12.714698,-0.005003,,,,,,,,
S2,R1,R_Shd_Angle,90.759674,5.291055,26.401157,,,,,,,,
S2,R1,Trunk_Angle,-19.837637,15.130064,32.240749,,,,,,,,
S2,R1,Trunk_Seg_Angle,55.147198,-18.769537,-174.603104,,,,,,,,
S2,R2,L_Ankle_Angle,19.049458,2.354516,-12.321563,,,,,,,,
S2,R2,L_Hip_Angle,41.68129,-4.578013,-15.929649,,,,,,,,
S2,R2,L_Knee_Angle,-59.503647,2.970721,0.01107,,,,,,,,
S2,R2,L_Shd_Angle,44.406464,51.428127,-2.598013,,,,,,,,
S2,R2,Model_COG_VEL,0.218571,-2.631351,-0.149686,,,,,,,,
S2,R2,Neck_Angle,21.110209,23.69644,-19.840328,,,,,,,,
S2,R2,R_Ankle_Angle,-31.082163,8.536823,3.370115,,,,,,,,
S2,R2,R_Hip_Angle,7.821616,-10.550393,0.80092,,,,,,,,
S2,R2,R_Knee_Angle,-19.227722,-8.992017,0.007318,,,,,,,,
S2,R2,R_Shd_Angle,70.662712,6.483974,37.33786,,,,,,,,
S2,R2,Trunk_Angle,-19.491678,-2.20481,28.952827,,,,,,,,
S2,R2,Trunk_Seg_Angle,45.307682,-14.317168,176.745087,,,,,,,,
S2,RND1,L_Ankle_Angle,-37.625259,6.029303,12.076866,,,,,,,,
S2,RND1,L_Hip_Angle,11.441899,-8.625374,2.716673,,,,,,,,
S2,RND1,L_Knee_Angle,-2.159851,-3.28711,-0.005678,,,,,,,,
S2,RND1,L_Shd_Angle,95.147598,6.799705,-63.114235,,,,,,,,
S2,RND1,Model_COG_VEL,0.215203,-2.727161,-0.278121,,,,,,,,
S2,RND1,Neck_Angle,27.370554,-11.059585,19.648674,,,,,,,,
S2,RND1,R_Ankle_Angle,31.079475,-13.380452,-26.416458,,,,,,,,
S2,RND1,R_Hip_Angle,42.559917,-2.329802,-11.477912,,,,,,,,
S2,RND1,R_Knee_Angle,-53.149509,-1.490648,0.01016,,,,,,,,
S2,RND1,R_Shd_Angle,77.755585,-55.194492,37.33131,1,,,,,,,
S2,RND1,Trunk_Angle,-6.97372,10.140412,-51.031475,,,,,,,,
S2,RND1,Trunk_Seg_Angle,59.768772,14.192205,176.03093,,,,,,,,
S2,RND2,L_Ankle_Angle,-35.625149,15.42557,11.772415,,,,,,,,
S2,RND2,L_Hip_Angle,3.915731,-7.830364,14.10201,,,,,,,,
S2,RND2,L_Knee_Angle,-10.087706,-3.225293,-0.00489,,,,,,,,
S2,RND2,L_Shd_Angle,91.505203,1.126257,-31.44087,1,,,,,,,
S2,RND2,Model_COG_VEL,-0.315253,-3.16953,-0.112133,,,,,,,,
S2,RND2,Neck_Angle,24.891171,-10.601838,17.357523,,,,,,,,
S2,RND2,R_Ankle_Angle,29.639662,-1.44937,-19.150951,,,,,,,,
S2,RND2,R_Hip_Angle,28.799261,-17.594049,-15.600432,,,,,,,,
S2,RND2,R_Knee_Angle,-49.883472,2.561499,-0.015567,,,,,,,,
S2,RND2,R_Shd_Angle,94.262741,-38.841972,70.98687,1,,,,,,,
S2,RND2,Trunk_Angle,-21.194466,13.607741,-37.360344,,,,,,,,
S2,RND2,Trunk_Seg_Angle,58.63604,16.01318,-169.396713,,,,,,,,
S4,L1,L_Ankle_Angle,35.549839,11.342799,-7.837405,,,,,,,,
S4,L1,L_Hip_Angle,85.397682,-21.559835,-3.187693,,,,,,,,
S4,L1,L_Knee_Angle,-81.714912,1.090672,-0.000129,,,,,,,,
S4,L1,L_Shd_Angle,121.186569,-12.493173,-51.857296,,,,,,,,
S4,L1,Model_COG_VEL,-0.47439,-3.08083,-0.063315,,,,,,,,
S4,L1,Neck_Angle,56.81271,-6.55306,4.066619,,,,,,,,
S4,L1,R_Ankle_Angle,-30.32811,28.690292,1.954176,,,,,,,,
S4,L1,R_Hip_Angle,10.968791,-0.103063,-4.366089,,,,,,,,
S4,L1,R_Knee_Angle,-23.65127,-6.744951,-0.070783,,,,,,,,
S4,L1,R_Shd_Angle,32.43758,-55.225746,-50.095253,,,,,,,,
S4,L1,Trunk_Angle,-33.382996,-33.724644,1.528118,,,,,,,,
S4,L1,Trunk_Seg_Angle,84.355522,29.668854,175.891129,,,,,,,,
S4,L2,L_Ankle_Angle,18.246628,10.753091,-11.830147,,,,,,,,
S4,L2,L_Hip_Angle,89.50248,-15.446362,-21.599489,,,,,,,,
S4,L2,L_Knee_Angle,-77.17514,-17.228292,0.006019,,,,,,,,
S4,L2,L_Shd_Angle,107.000595,-6.6803,-44.895363,,,,,,,,
S4,L2,Model_COG_VEL,-0.211902,-3.073213,-0.115666,,,,,,,,
S4,L2,Neck_Angle,42.951546,-17.606091,19.577784,,,,,,,,
S4,L2,R_Ankle_Angle,-38.076019,23.818672,13.690637,,,,,,,,
S4,L2,R_Hip_Angle,3.337114,9.955148,-4.310223,,,,,,,,
S4,L2,R_Knee_Angle,-18.142292,-7.044198,-0.089935,,,,,,,,
S4,L2,R_Shd_Angle,49.328896,-45.567913,-30.88796,,,,,,,,
S4,L2,Trunk_Angle,-40.617046,-18.737577,-1.8931,,,,,,,,
S4,L2,Trunk_Seg_Angle,82.930634,31.079317,179.025589,,,,,,,,
S4,LND1,L_Ankle_Angle,21.732714,5.360193,3.5051,,,,,,,,
S4,LND1,L_Hip_Angle,41.369591,-8.680355,-6.17475,,,,,,,,
S4,LND1,L_Knee_Angle,-50.604233,3.519197,-0.009709,,,,,,,,
S4,LND1,L_Shd_Angle,70.753204,39.006496,-18.912378,,,,,,,,
S4,LND1,Model_COG_VEL,0.395424,-3.156548,0.015845,,,,,,,,
S4,LND1,Neck_Angle,40.037109,13.671433,-19.736341,,,,,,,,
S4,LND1,R_Ankle_Angle,-21.438337,15.458278,7.082104,,,,,,,,
S4,LND1,R_Hip_Angle,1.726089,0.72325,-11.234098,,,,,,,,
S4,LND1,R_Knee_Angle,-16.77393,-2.376679,-0.003267,,,,,,,,
S4,LND1,R_Shd_Angle,93.714203,-9.180634,32.863346,1,,,,,,,
S4,LND1,Trunk_Angle,-23.40255,12.243508,21.211336,,,,,,,,
S4,LND1,Trunk_Seg_Angle,79.782478,-3.908502,-164.440369,,,,,,,,
S4,LND2,L_Ankle_Angle,9.473162,2.009658,7.935705,,,,,,,,
S4,LND2,L_Hip_Angle,30.81892,1.889606,-14.386955,,,,,,,,
S4,LND2,L_Knee_Angle,-35.810249,2.334171,-0.061689,,,,,,,,
S4,LND2,L_Shd_Angle,53.671337,15.723528,-13.62364,1,,,,,,,
S4,LND2,Model_COG_VEL,0.300311,-3.070037,-0.029335,,,,,,,,
S4,LND2,Neck_Angle,26.530724,18.050035,-20.232712,,,,,,,,
S4,LND2,R_Ankle_Angle,-8.563188,17.475466,-2.85064,,,,,,,,
S4,LND2,R_Hip_Angle,4.299439,-4.337229,-10.753823,,,,,,,,
S4,LND2,R_Knee_Angle,-8.48737,-4.04852,-0.007922,,,,,,,,
S4,LND2,R_Shd_Angle,78.576447,-9.789968,39.890728,,,,,,,,
S4,LND2,Trunk_Angle,-15.064355,5.98927,21.273699,,,,,,,,
S4,LND2,Trunk_Seg_Angle,74.256981,-7.464972,-167.266556,,,,,,,,
S4,R1,L_Ankle_Angle,35.613907,3.653411,-8.296266,,,,,,,,
S4,R1,L_Hip_Angle,50.842598,-23.892107,1.288664,,,,,,,,
S4,R1,L_Knee_Angle,-62.163628,11.560978,0.004579,,,,,,,,
S4,R1,L_Shd_Angle,76.676048,4.821616,-20.810833,1,,,,,,,
S4,R1,Model_COG_VEL,0.136955,-3.143395,0.002851,,,,,,,,
S4,R1,Neck_Angle,30.141232,-10.563883,38.517693,,,,,,,,
S4,R1,R_Ankle_Angle,-35.839645,27.499094,14.574033,,,,,,,,
S4,R1,R_Hip_Angle,6.110305,0.379163,-4.035852,,,,,,,,
S4,R1,R_Knee_Angle,-15.95648,-3.14939,-0.00033,,,,,,,,
S4,R1,R_Shd_Angle,36.11414,-51.880352,-16.290636,,,,,,,,
S4,R1,Trunk_Angle,-2.380624,-15.896572,-0.81583,,,,,,,,
S4,R1,Trunk_Seg_Angle,53.619862,14.845333,158.087341,,,,,,,,
S4,R2,L_Ankle_Angle,31.627424,0.710317,-7.669026,,,,,,,,
S4,R2,L_Hip_Angle,31.355825,-22.080015,-3.660261,,,,,,,,
S4,R2,L_Knee_Angle,-45.156197,4.716904,-0.014803,,,,,,,,
S4,R2,L_Shd_Angle,103.806107,0.24794,-18.270931,,,,,,,,
S4,R2,Model_COG_VEL,0.181068,-3.337997,0.136538,,,,,,,,
S4,R2,Neck_Angle,31.568773,-8.50126,55.03117,,,,,,,,
S4,R2,R_Ankle_Angle,-31.396484,21.9884,11.163501,,,,,,,,
S4,R2,R_Hip_Angle,5.648136,1.062997,0.239764,,,,,,,,
S4,R2,R_Knee_Angle,-24.290096,-2.481271,-0.00035,,,,,,,,
S4,R2,R_Shd_Angle,47.196033,-45.501495,2.719519,,,,,,,,
S4,R2,Trunk_Angle,-5.399171,-15.448048,3.364793,,,,,,,,
S4,R2,Trunk_Seg_Angle,56.306805,15.79241,155.085709,,,,,,,,
S4,RND1,L_Ankle_Angle,32.478245,-8.077325,3.870937,,,,,,,,
S4,RND1,L_Hip_Angle,50.758644,-3.599979,1.04441,,,,,,,,
S4,RND1,L_Knee_Angle,-63.66106,14.368826,-0.012193,,,,,,,,
S4,RND1,L_Shd_Angle,54.166824,55.387032,-8.342371,,,,,,,,
S4,RND1,Model_COG_VEL,0.134026,-3.353949,-0.150404,,,,,,,,
S4,RND1,Neck_Angle,22.072588,20.258524,-21.924143,,,,,,,,
S4,RND1,R_Ankle_Angle,-38.188267,14.813468,19.970373,,,,,,,,
S4,RND1,R_Hip_Angle,3.495212,-13.509299,-9.212513,,,,,,,,
S4,RND1,R_Knee_Angle,-9.972966,-3.267421,-0.001238,,,,,,,,
S4,RND1,R_Shd_Angle,101.375694,8.016785,41.070309,,,,,,,,
S4,RND1,Trunk_Angle,-12.208447,5.040946,24.723135,,,,,,,,
S4,RND1,Trunk_Seg_Angle,51.027813,-15.723589,178.183151,,,,,,,,
S4,RND2,L_Ankle_Angle,35.092392,3.617996,-8.281147,,,,,,,,
S4,RND2,L_Hip_Angle,62.192596,-1.12512,-7.549433,,,,,,,,
S4,RND2,L_Knee_Angle,-72.407585,8.072805,0.014955,,,,,,,,
S4,RND2,L_Shd_Angle,70.808189,52.549149,-12.616784,,,,,,,,
S4,RND2,Model_COG_VEL,0.681854,-3.232841,0.313662,,,,,,,,
S4,RND2,Neck_Angle,37.018543,20.786037,-40.07222,,,,,,,,
S4,RND2,R_Ankle_Angle,-36.407146,25.918308,10.097847,,,,,,,,
S4,RND2,R_Hip_Angle,3.884759,-19.457884,-3.329277,,,,,,,,
S4,RND2,R_Knee_Angle,-15.73227,-3.602417,0.00586,,,,,,,,
S4,RND2,R_Shd_Angle,117.749611,3.933977,36.838718,1,,,,,,,
S4,RND2,Trunk_Angle,-22.793175,-3.549122,7.670401,,,,,,,,
S4,RND2,Trunk_Seg_Angle,59.11882,-10.126503,178.54834,,,,,,,,
S5,L1,L_Ankle_Angle,37.063808,-13.357434,-14.91256,,,,,,,,
S5,L1,L_Hip_Angle,66.489471,-5.567651,-1.627289,,,,,,,,
S5,L1,L_Knee_Angle,-69.007217,12.690205,0.004439,,,,,,,,
S5,L1,L_Shd_Angle,122.043655,-5.311691,-31.982813,,,,,,,,
S5,L1,Model_COG_VEL,-0.028185,-3.128783,-0.071501,,,,,,,,
S5,L1,Neck_Angle,34.476807,-14.300706,32.039928,,,,,,,,
S5,L1,R_Ankle_Angle,-47.517368,5.117606,28.660807,,,,,,,,
S5,L1,R_Hip_Angle,4.948956,0.927339,-14.026991,,,,,,,,
S5,L1,R_Knee_Angle,-9.274902,-6.875527,-0.010291,,,,,,,,
S5,L1,R_Shd_Angle,68.794632,-51.380898,10.180627,,,,,,,,
S5,L1,Trunk_Angle,-34.195679,-21.296053,0.625995,,,,,,,,
S5,L1,Trunk_Seg_Angle,85.575417,5.724968,166.751068,,,,,,,,
S5,L2,L_Ankle_Angle,37.34008,-6.126328,-11.457655,,,,,,,,
S5,L2,L_Hip_Angle,68.869133,-8.606868,-0.326892,,,,,,,,
S5,L2,L_Knee_Angle,-69.662697,17.749485,0.002219,,,,,,,,
S5,L2,L_Shd_Angle,103.325935,-9.307544,-36.368851,,,,,,,,
S5,L2,Model_COG_VEL,-0.142394,-3.262866,-0.081372,,,,,,,,
S5,L2,Neck_Angle,27.314264,-16.338083,21.615248,,,,,,,,
S5,L2,R_Ankle_Angle,-42.563446,16.815153,18.160461,,,,,,,,
S5,L2,R_Hip_Angle,2.705594,3.644031,-15.887565,,,,,,,,
S5,L2,R_Knee_Angle,-6.067919,-4.659151,-0.010914,,,,,,,,
S5,L2,R_Shd_Angle,57.529743,-52.955109,-3.952023,,,,,,,,
S5,L2,Trunk_Angle,-29.541733,-18.336468,-0.067709,,,,,,,,
S5,L2,Trunk_Seg_Angle,81.092079,8.720168,172.189255,,,,,,,,
S5,LND1,L_Ankle_Angle,29.93857,-7.787213,-9.560934,,,,,,,,
S5,LND1,L_Hip_Angle,64.884048,-16.036087,-3.735269,,,,,,,,
S5,LND1,L_Knee_Angle,-57.950897,21.576313,0.000183,,,,,,,,
S5,LND1,L_Shd_Angle,37.777332,49.554146,41.226692,,,,,,,,
S5,LND1,Model_COG_VEL,0.311936,-2.746518,0.241318,,,,,,,,
S5,LND1,Neck_Angle,24.212147,10.43361,-11.474504,,,,,,,,
S5,LND1,R_Ankle_Angle,-33.701286,16.713194,11.25432,,,,,,,,
S5,LND1,R_Hip_Angle,21.596914,-17.284483,-6.51223,,,,,,,,
S5,LND1,R_Knee_Angle,0.374011,-9.460369,-0.003715,,,,,,,,
S5,LND1,R_Shd_Angle,121.50087,23.616381,42.830841,,,,,,,,
S5,LND1,Trunk_Angle,-49.26593,-27.252636,7.522945,,,,,,,,
S5,LND1,Trunk_Seg_Angle,103.580193,-22.166336,178.046539,,,,,,,,
S5,LND2,L_Ankle_Angle,24.563251,-10.577925,-9.202729,,,,,,,,
S5,LND2,L_Hip_Angle,75.627365,-0.6855,-0.868855,,,,,,,,
S5,LND2,L_Knee_Angle,-59.371975,16.319502,-0.001763,,,,,,,,
S5,LND2,L_Shd_Angle,54.253693,54.897743,15.597804,,,,,,,,
S5,LND2,Model_COG_VEL,0.110983,-3.123588,0.008335,,,,,,,,
S5,LND2,Neck_Angle,44.719082,24.619429,-29.354477,,,,,,,,
S5,LND2,R_Ankle_Angle,-37.340244,13.301889,15.65801,,,,,,,,
S5,LND2,R_Hip_Angle,12.136349,-17.974606,-20.559031,,,,,,,,
S5,LND2,R_Knee_Angle,-0.699995,-9.401159,0.002056,,,,,,,,
S5,LND2,R_Shd_Angle,121.227898,6.844605,46.251682,1,,,,,,,
S5,LND2,Trunk_Angle,-43.226509,-16.365845,12.796412,,,,,,,,
S5,LND2,Trunk_Seg_Angle,94.36496,-10.238547,-171.840225,,,,,,,,
S5,R1,L_Ankle_Angle,26.847702,-6.91602,-9.401718,,,,,,,,
S5,R1,L_Hip_Angle,48.033157,-5.469165,-5.212603,,,,,,,,
S5,R1,L_Knee_Angle,-51.226845,4.295618,0.028206,,,,,,,,
S5,R1,L_Shd_Angle,82.426826,9.71633,-32.90731,,,,,,,,
S5,R1,Model_COG_VEL,-0.262166,-3.237597,-0.007188,,,,,,,,
S5,R1,Neck_Angle,24.463705,-13.285239,32.604828,,,,,,,,
S5,R1,R_Ankle_Angle,-36.68639,17.552267,19.442614,,,,,,,,
S5,R1,R_Hip_Angle,8.245082,5.032989,-6.263997,,,,,,,,
S5,R1,R_Knee_Angle,-17.024271,-5.779596,0.004734,,,,,,,,
S5,R1,R_Shd_Angle,47.927975,-55.01141,0.036704,,,,,,,,
S5,R1,Trunk_Angle,-21.372707,-14.325418,4.263548,,,,,,,,
S5,R1,Trunk_Seg_Angle,66.699234,7.733642,162.981995,,,,,,,,
S5,R2,L_Ankle_Angle,34.824036,-5.265253,-12.965915,,,,,,,,
S5,R2,L_Hip_Angle,53.995541,-14.025475,-6.440549,,,,,,,,
S5,R2,L_Knee_Angle,-67.004906,8.72121,-0.006039,,,,,,,,
S5,R2,L_Shd_Angle,87.999977,4.176555,-24.627287,,,,,,,,
S5,R2,Model_COG_VEL,-0.191608,-3.385875,-0.074198,,,,,,,,
S5,R2,Neck_Angle,15.436042,-22.0226,30.06522,,,,,,,,
S5,R2,R_Ankle_Angle,-44.623199,17.65206,20.771578,,,,,,,,
S5,R2,R_Hip_Angle,-1.340467,-5.071031,-7.214147,,,,,,,,
S5,R2,R_Knee_Angle,-9.750684,-6.109611,-0.004159,,,,,,,,
S5,R2,R_Shd_Angle,56.321503,-56.188362,17.492218,,,,,,,,
S5,R2,Trunk_Angle,-6.492511,-22.386366,11.204853,,,,,,,,
S5,R2,Trunk_Seg_Angle,56.018196,7.53814,160.046783,,,,,,,,
S5,RND1,L_Ankle_Angle,17.705441,-2.019614,-7.910469,,,,,,,,
S5,RND1,L_Hip_Angle,44.290672,4.064125,-5.554296,,,,,,,,
S5,RND1,L_Knee_Angle,-49.418411,-1.960165,0.023627,,,,,,,,
S5,RND1,L_Shd_Angle,56.682339,61.461609,-24.390001,,,,,,,,
S5,RND1,Model_COG_VEL,0.219038,-3.520673,0.354684,,,,,,,,
S5,RND1,Neck_Angle,22.946842,11.027022,-27.488804,,,,,,,,
S5,RND1,R_Ankle_Angle,-30.206989,11.220428,9.611315,,,,,,,,
S5,RND1,R_Hip_Angle,-0.473323,-14.93288,-18.487175,,,,,,,,
S5,RND1,R_Knee_Angle,-5.443989,-6.752198,-0.003551,,,,,,,,
S5,RND1,R_Shd_Angle,90.816994,4.322588,38.723228,,,,,,,,
S5,RND1,Trunk_Angle,-15.295517,-2.925629,23.235306,,,,,,,,
S5,RND1,Trunk_Seg_Angle,54.694252,-8.698689,-179.146255,,,,,,,,
S5,RND2,L_Ankle_Angle,24.689182,1.076839,-10.00576,,,,,,,,
S5,RND2,L_Hip_Angle,43.803795,6.910566,-12.583633,,,,,,,,
S5,RND2,L_Knee_Angle,-47.761837,-6.226158,-0.007558,,,,,,,,
S5,RND2,L_Shd_Angle,38.176098,69.902359,5.073867,1,,,,,,,
S5,RND2,Model_COG_VEL,0.180097,-3.412123,0.467163,,,,,,,,
S5,RND2,Neck_Angle,19.882088,18.556698,-11.023582,,,,,,,,
S5,RND2,R_Ankle_Angle,-11.766186,1.091045,-17.588499,,,,,,,,
S5,RND2,R_Hip_Angle,0.642718,-7.366095,-9.501476,,,,,,,,
S5,RND2,R_Knee_Angle,-8.46944,-10.47052,0.015878,,,,,,,,
S5,RND2,R_Shd_Angle,96.029846,6.447688,44.713108,,,,,,,,
S5,RND2,Trunk_Angle,-20.732212,-7.389476,24.350971,,,,,,,,
S5,RND2,Trunk_Seg_Angle,65.030823,-4.030999,-177.003464,,,,,,,,
S6,LND1,L_Ankle_Angle,34.628437,5.677104,-10.766235,,,,,,,,
S6,LND1,L_Hip_Angle,82.903954,5.013782,-7.667528,,,,,,,,
S6,LND1,L_Knee_Angle,-67.950264,-7.524378,0.001658,,,,,,,,
S6,LND1,L_Shd_Angle,78.359161,52.712337,-1.639549,1,,,,,,,
S6,LND1,Model_COG_VEL,0.414689,-1.577746,0.531336,,,,,,,,
S6,LND1,Neck_Angle,51.161381,20.630707,-27.773367,,,,,,,,
S6,LND1,R_Ankle_Angle,-2.220535,18.060736,-7.726584,,,,,,,,
S6,LND1,R_Hip_Angle,29.233715,-13.996552,5.060399,,,,,,,,
S6,LND1,R_Knee_Angle,-45.28989,-0.027551,0.00104,,,,,,,,
S6,LND1,R_Shd_Angle,117.546738,8.764392,28.352205,1,,,,,,,
S6,LND1,Trunk_Angle,-62.841347,-6.517324,13.222208,,,,,,,,
S6,LND1,Trunk_Seg_Angle,101.736862,-11.408025,-171.114426,,,,,,,,
S6,LND2,L_Ankle_Angle,29.223799,37.710228,-20.190907,,,,,,,,
S6,LND2,L_Hip_Angle,88.916443,3.12317,-10.096242,,,,,,,,
S6,LND2,L_Knee_Angle,-68.343567,-7.253613,0.023018,,,,,,,,
S6,LND2,L_Shd_Angle,51.318623,59.305958,22.073303,,,,,,,,
S6,LND2,Model_COG_VEL,0.155727,-1.887646,0.573594,,,,,,,,
S6,LND2,Neck_Angle,42.855511,8.059355,-8.687068,,,,,,,,
S6,LND2,R_Ankle_Angle,-4.125189,3.528377,-10.271369,,,,,,,,
S6,LND2,R_Hip_Angle,35.893719,-20.907402,-4.13183,,,,,,,,
S6,LND2,R_Knee_Angle,-35.790176,-2.484397,0.020838,,,,,,,,
S6,LND2,R_Shd_Angle,112.271881,18.574594,23.489723,,,,,,,,
S6,LND2,Trunk_Angle,-54.846855,-10.835752,-2.119428,,,,,,,,
S6,LND2,Trunk_Seg_Angle,104.658707,-14.531693,-176.322845,,,,,,,,
S6,LND3,L_Ankle_Angle,30.710077,-7.073924,-8.978709,,,,,,,,
S6,LND3,L_Hip_Angle,63.082645,2.792059,-6.826367,,,,,,,,
S6,LND3,L_Knee_Angle,-46.767239,-10.765507,-0.003784,,,,,,,,
S6,LND3,L_Shd_Angle,48.361214,55.698925,8.994633,,,,,,,,
S6,LND3,Model_COG_VEL,-0.148958,-2.25133,0.393987,,,,,,,,
S6,LND3,Neck_Angle,49.450138,12.178887,-9.513951,,,,,,,,
S6,LND3,R_Ankle_Angle,12.003508,12.866185,-11.188042,,,,,,,,
S6,LND3,R_Hip_Angle,59.502819,-11.497819,-4.087189,,,,,,,,
S6,LND3,R_Knee_Angle,-55.910873,5.428074,-0.001003,,,,,,,,
S6,LND3,R_Shd_Angle,108.390854,12.535059,34.139053,,,,,,,,
S6,LND3,Trunk_Angle,-47.722412,-1.14648,16.836779,,,,,,,,
S6,LND3,Trunk_Seg_Angle,104.952698,-13.255302,-170.181152,,,,,,,,
S6,LND4,L_Ankle_Angle,32.763531,-0.294674,-11.085689,,,,,,,,
S6,LND4,L_Hip_Angle,77.396645,19.457777,-23.250917,,,,,,,,
S6,LND4,L_Knee_Angle,-58.655029,-18.330715,0.004932,,,,,,,,
S6,LND4,L_Shd_Angle,50.092621,53.048809,17.312811,,,,,,,,
S6,LND4,Model_COG_VEL,0.157662,-1.958293,0.519504,,,,,,,,
S6,LND4,Neck_Angle,52.393623,7.427056,-25.33341,,,,,,,,
S6,LND4,R_Ankle_Angle,-10.671596,-8.151402,-7.804373,,,,,,,,
S6,LND4,R_Hip_Angle,38.87228,-26.341515,11.959739,,,,,,,,
S6,LND4,R_Knee_Angle,-40.595108,18.325489,-0.000824,,,,,,,,
S6,LND4,R_Shd_Angle,107.250862,7.597028,29.174017,,,,,,,,
S6,LND4,Trunk_Angle,-56.821617,-5.120751,3.581607,,,,,,,,
S6,LND4,Trunk_Seg_Angle,109.668488,-10.401121,-169.523727,,,,,,,,
S6,R1,L_Ankle_Angle,-11.725926,16.129114,-2.665262,,,,,,,,
S6,R1,L_Hip_Angle,18.948309,-24.098606,-0.873886,,,,,,,,
S6,R1,L_Knee_Angle,-16.450546,-0.616279,0.003547,,,,,,,,
S6,R1,L_Shd_Angle,117.197304,-13.404161,-46.440987,,,,,,,,
S6,R1,Model_COG_VEL,-0.394555,-2.381402,0.141033,,,,,,,,
S6,R1,Neck_Angle,24.016685,-20.908794,12.701197,,,,,,,,
S6,R1,R_Ankle_Angle,31.283455,-10.142374,-13.524052,,,,,,,,
S6,R1,R_Hip_Angle,53.861328,-17.200821,-15.413125,,,,,,,,
S6,R1,R_Knee_Angle,-63.6152,15.426638,0.007818,,,,,,,,
S6,R1,R_Shd_Angle,32.389214,-50.423943,-27.016596,1,,,,,,,
S6,R1,Trunk_Angle,-35.071239,-0.494241,-18.788637,,,,,,,,
S6,R1,Trunk_Seg_Angle,75.130913,33.993752,177.840225,,,,,,,,
S6,R2,L_Ankle_Angle,-4.086213,15.069129,-6.532736,,,,,,,,
S6,R2,L_Hip_Angle,22.84465,-15.494382,-3.285584,,,,,,,,
S6,R2,L_Knee_Angle,-21.014528,-2.971493,-0.008253,,,,,,,,
S6,R2,L_Shd_Angle,110.142372,-8.125956,-45.054668,,,,,,,,
S6,R2,Model_COG_VEL,0.02729,-2.583034,-0.165752,,,,,,,,
S6,R2,Neck_Angle,40.201111,-14.035543,28.490564,,,,,,,,
S6,R2,R_Ankle_Angle,35.203411,-3.552139,-16.247957,,,,,,,,
S6,R2,R_Hip_Angle,50.186111,-15.791826,-10.093429,,,,,,,,
S6,R2,R_Knee_Angle,-52.854172,12.973168,0.005906,,,,,,,,
S6,R2,R_Shd_Angle,15.375555,-48.792278,-37.549076,1,,,,,,,
S6,R2,Trunk_Angle,-31.791134,-3.878334,-24.683964,,,,,,,,
S6,R2,Trunk_Seg_Angle,77.781845,27.620617,168.330933,,,,,,,,
S6,RND1,L_Ankle_Angle,27.051983,-12.388947,-13.100186,,,,,,,,
S6,RND1,L_Hip_Angle,65.285271,1.037332,-2.728374,,,,,,,,
S6,RND1,L_Knee_Angle,-49.990723,-2.958274,-0.010476,,,,,,,,
S6,RND1,L_Shd_Angle,34.147038,62.184898,29.248446,1,,,,,,,
S6,RND1,Model_COG_VEL,0.191262,-2.08895,0.012605,,,,,,,,
S6,RND1,Neck_Angle,27.995829,20.423567,-19.050337,,,,,,,,
S6,RND1,R_Ankle_Angle,-8.103407,12.773637,5.951591,,,,,,,,
S6,RND1,R_Hip_Angle,35.069969,-10.050746,4.358166,,,,,,,,
S6,RND1,R_Knee_Angle,-41.300381,-2.326523,-0.002164,,,,,,,,
S6,RND1,R_Shd_Angle,121.1791,8.813686,40.271412,,,,,,,,
S6,RND1,Trunk_Angle,-44.843651,-14.727884,24.720943,,,,,,,,
S6,RND1,Trunk_Seg_Angle,92.929893,-15.32813,-171.222565,,,,,,,,
S6,RND2,L_Ankle_Angle,32.740345,-9.189157,-12.240891,,,,,,,,
S6,RND2,L_Hip_Angle,56.49416,0.107569,-7.206073,,,,,,,,
S6,RND2,L_Knee_Angle,-39.421455,-5.633315,-0.002637,,,,,,,,
S6,RND2,L_Shd_Angle,-169.590576,42.065052,-147.133575,1,,,,,,,
S6,RND2,Model_COG_VEL,-0.022259,-2.063859,0.526749,,,,,,,,
S6,RND2,Neck_Angle,37.313148,17.610918,-17.494652,,,,,,,,
S6,RND2,R_Ankle_Angle,10.956564,9.238901,-14.122375,,,,,,,,
S6,RND2,R_Hip_Angle,49.666306,-1.540111,3.656418,,,,,,,,
S6,RND2,R_Knee_Angle,-57.260483,2.135485,-0.004188,,,,,,,,
S6,RND2,R_Shd_Angle,130.29483,11.03626,35.449936,,,,,,,,
S6,RND2,Trunk_Angle,-45.624226,-13.252112,23.478354,,,,,,,,
S6,RND2,Trunk_Seg_Angle,98.875656,-10.768064,-170.462433,,,,,,,,
S8,L2,L_Ankle_Angle,-5.671865,6.561569,-25.625881,,,,,,,,
S8,L2,L_Hip_Angle,11.101224,-2.790779,-11.539684,,,,,,,,
S8,L2,L_Knee_Angle,-24.346613,-5.828494,-0.045493,,,,,,,,
S8,L2,L_Shd_Angle,69.193176,4.473217,-16.003878,,,,,,,,
S8,L2,Model_COG_VEL,-0.015222,-2.737014,-0.396895,,,,,,,,
S8,L2,Neck_Angle,13.502959,-17.309439,31.328077,,,,,,,,
S8,L2,R_Ankle_Angle,-15.970036,10.136528,3.597965,,,,,,,,
S8,L2,R_Hip_Angle,14.82634,9.848814,1.798434,,,,,,,,
S8,L2,R_Knee_Angle,-32.953182,-3.636685,-0.003962,,,,,,,,
S8,L2,R_Shd_Angle,40.536739,-34.232567,-3.326529,1,,,,,,,
S8,L2,Trunk_Angle,-26.141466,3.396478,-5.416519,,,,,,,,
S8,L2,Trunk_Seg_Angle,74.796455,-8.631727,165.570908,,,,,,,,
S8,LND1,L_Ankle_Angle,-29.372362,15.56303,11.459163,,,,,,,,
S8,LND1,L_Hip_Angle,28.170664,-0.544738,-10.344892,,,,,,,,
S8,LND1,L_Knee_Angle,-49.817146,-15.843554,-0.004117,,,,,,,,
S8,LND1,L_Shd_Angle,60.213432,40.558556,25.759914,1,,,,,,,
S8,LND1,Model_COG_VEL,0.13431,-2.719194,0.012762,,,,,,,,
S8,LND1,Neck_Angle,31.97518,12.187188,-11.117217,,,,,,,,
S8,LND1,R_Ankle_Angle,-0.854474,10.661327,-10.459444,,,,,,,,
S8,LND1,R_Hip_Angle,26.061518,-3.480422,-3.805072,,,,,,,,
S8,LND1,R_Knee_Angle,-36.584579,-3.787523,0.003999,,,,,,,,
S8,LND1,R_Shd_Angle,123.069366,-11.296323,26.097027,,,,,,,,
S8,LND1,Trunk_Angle,-54.674767,0.979823,-1.179086,,,,,,,,
S8,LND1,Trunk_Seg_Angle,104.831123,3.918244,-174.81424,,,,,,,,
S8,LND2,L_Ankle_Angle,29.349483,-5.170121,-11.774931,,,,,,,,
S8,LND2,L_Hip_Angle,76.489723,12.567156,-7.367089,,,,,,,,
S8,LND2,L_Knee_Angle,-77.734001,-1.565768,-0.000389,,,,,,,,
S8,LND2,L_Shd_Angle,27.756042,66.088318,28.602526,1,,,,,,,
S8,LND2,Model_COG_VEL,0.441919,-2.533627,-0.447085,,,,,,,,
S8,LND2,Neck_Angle,33.476498,12.878717,-28.686255,,,,,,,,
S8,LND2,R_Ankle_Angle,-18.008709,21.170839,1.610158,,,,,,,,
S8,LND2,R_Hip_Angle,14.332752,-8.606064,-17.512608,,,,,,,,
S8,LND2,R_Knee_Angle,-10.27026,-4.903431,-0.007126,,,,,,,,
S8,LND2,R_Shd_Angle,100.572594,-11.956735,37.775661,,,,,,,,
S8,LND2,Trunk_Angle,-35.328575,-2.471307,12.988237,,,,,,,,
S8,LND2,Trunk_Seg_Angle,90.386147,-12.452142,-174.933853,,,,,,,,
S8,LND3,L_Ankle_Angle,-38.703754,7.268548,17.675257,,,,,,,,
S8,LND3,L_Hip_Angle,11.992624,-9.290583,1.072826,,,,,,,,
S8,LND3,L_Knee_Angle,-17.111376,-9.059441,0.008793,,,,,,,,
S8,LND3,L_Shd_Angle,55.875938,19.57132,13.463875,,,,,,,,
S8,LND3,Model_COG_VEL,0.061144,-2.302964,0.386342,,,,,,,,
S8,LND3,Neck_Angle,16.917294,16.365398,-15.988293,,,,,,,,
S8,LND3,R_Ankle_Angle,23.788231,-15.08774,-27.716724,,,,,,,,
S8,LND3,R_Hip_Angle,78.052467,-16.919846,-4.634011,,,,,,,,
S8,LND3,R_Knee_Angle,-72.74585,2.14436,0.006576,,,,,,,,
S8,LND3,R_Shd_Angle,107.08242,-1.819807,38.635235,1,,,,,,,
S8,LND3,Trunk_Angle,-57.184517,34.042023,13.41435,,,,,,,,
S8,LND3,Trunk_Seg_Angle,103.478325,-2.009414,-164.813553,,,,,,,,
S8,R1,L_Ankle_Angle,-3.053538,-2.546646,-4.241316,,,,,,,,
S8,R1,L_Hip_Angle,20.192015,-11.633334,-11.427258,,,,,,,,
S8,R1,L_Knee_Angle,-27.975222,-6.616076,0.022392,,,,,,,,
S8,R1,L_Shd_Angle,81.895775,15.110308,-14.780623,,,,,,,,
S8,R1,Model_COG_VEL,-0.303435,-3.148465,0.419718,,,,,,,,
S8,R1,Neck_Angle,23.72431,-10.341102,36.162701,,,,,,,,
S8,R1,R_Ankle_Angle,-28.15942,7.654596,5.189748,,,,,,,,
S8,R1,R_Hip_Angle,14.298138,18.113295,-8.295874,,,,,,,,
S8,R1,R_Knee_Angle,-21.502613,-8.243775,-0.001011,,,,,,,,
S8,R1,R_Shd_Angle,68.290916,-49.772888,4.532427,,,,,,,,
S8,R1,Trunk_Angle,-16.078409,-2.570748,4.489007,,,,,,,,
S8,R1,Trunk_Seg_Angle,61.698704,0.859963,161.170502,,,,,,,,
S8,R2,L_Ankle_Angle,29.382624,-1.752375,-8.430147,,,,,,,,
S8,R2,L_Hip_Angle,29.762094,-3.293611,-9.395474,,,,,,,,
S8,R2,L_Knee_Angle,-30.334616,-3.966275,0.01274,,,,,,,,
S8,R2,L_Shd_Angle,90.284828,1.050771,-17.415857,,,,,,,,
S8,R2,Model_COG_VEL,-0.328876,-2.78665,0.141401,,,,,,,,
S8,R2,Neck_Angle,35.115395,-12.854486,33.699837,,,,,,,,
S8,R2,R_Ankle_Angle,-38.43576,17.71567,-1.255017,,,,,,,,
S8,R2,R_Hip_Angle,23.53688,16.091021,1.850956,,,,,,,,
S8,R2,R_Knee_Angle,-35.355312,-11.079509,-0.023765,,,,,,,,
S8,R2,R_Shd_Angle,63.611103,-46.532074,0.595645,,,,,,,,
S8,R2,Trunk_Angle,-20.356222,-8.442413,0.967515,,,,,,,,
S8,R2,Trunk_Seg_Angle,65.582634,6.244708,168.763382,,,,,,,,
S8,RND1,L_Ankle_Angle,14.183333,8.51212,10.223046,,,,,,,,
S8,RND1,L_Hip_Angle,30.642616,12.318385,-19.15733,,,,,,,,
S8,RND1,L_Knee_Angle,-39.958492,-21.110289,-0.017369,,,,,,,,
S8,RND1,L_Shd_Angle,66.356323,53.199986,-23.839163,,,,,,,,
S8,RND1,Model_COG_VEL,0.064984,-3.034771,0.295967,,,,,,,,
S8,RND1,Neck_Angle,8.186002,19.260145,-20.469135,,,,,,,,
S8,RND1,R_Ankle_Angle,-90.105431,-15.725224,46.063484,,,,,,,,
S8,RND1,R_Hip_Angle,23.560144,-13.130939,-9.087226,,,,,,,,
S8,RND1,R_Knee_Angle,-52.883999,-0.695376,0.038194,,,,,,,,
S8,RND1,R_Shd_Angle,109.937492,7.905423,41.714153,,,,,,,,
S8,RND1,Trunk_Angle,-17.20735,-8.18823,13.139916,,,,,,,,
S8,RND1,Trunk_Seg_Angle,57.019135,-1.777893,-178.608841,,,,,,,,
S8,RND2,L_Ankle_Angle,18.40181,7.407934,0.332911,,,,,,,,
S8,RND2,L_Hip_Angle,40.226322,6.593528,-13.951158,,,,,,,,
S8,RND2,L_Knee_Angle,-49.237076,-13.143868,-0.016532,,,,,,,,
S8,RND2,L_Shd_Angle,82.335701,45.583889,-25.076738,,,,,,,,
S8,RND2,Model_COG_VEL,0.558308,-2.877679,0.077321,,,,,,,,
S8,RND2,Neck_Angle,15.495707,21.214483,-23.992161,,,,,,,,
S8,RND2,R_Ankle_Angle,-4.030115,11.563051,-0.694431,,,,,,,,
S8,RND2,R_Hip_Angle,8.053085,-4.200572,-10.348146,,,,,,,,
S8,RND2,R_Knee_Angle,-7.469919,-5.380455,-0.00099,,,,,,,,
S8,RND2,R_Shd_Angle,102.204781,-3.11247,34.336254,,,,,,,,
S8,RND2,Trunk_Angle,-16.923756,0.00999,22.364836,,,,,,,,
S8,RND2,Trunk_Seg_Angle,61.456566,-3.748591,-171.238739,,,,,,,,
S9,L1,L_Ankle_Angle,11.682642,10.249142,1.470613,,,,,,,,
S9,L1,L_Hip_Angle,91.198364,-11.538919,-14.787281,,,,,,,,
S9,L1,L_Knee_Angle,-85.090034,3.375838,-0.00001,,,,,,,,
S9,L1,L_Shd_Angle,120.377853,19.874081,-54.605507,,,,,,,,
S9,L1,Model_COG_VEL,-0.618428,-2.737922,-0.218603,,,,,,,,
S9,L1,Neck_Angle,57.676071,-14.02035,27.617395,,,,,,,,
S9,L1,R_Ankle_Angle,15.759072,-2.733896,-5.227345,,,,,,,,
S9,L1,R_Hip_Angle,44.062103,-0.36997,0.326878,,,,,,,,
S9,L1,R_Knee_Angle,-45.659866,5.911113,0.04873,,,,,,,,
S9,L1,R_Shd_Angle,27.875839,-44.082569,-23.252029,1,,,,,,,
S9,L1,Trunk_Angle,-34.33567,9.027809,-33.676121,,,,,,,,
S9,L1,Trunk_Seg_Angle,97.899269,-7.851959,166.118256,,,,,,,,
S9,L2,L_Ankle_Angle,-6.202263,18.193064,2.58695,,,,,,,,
S9,L2,L_Hip_Angle,33.839634,-16.41687,4.080366,,,,,,,,
S9,L2,L_Knee_Angle,-24.688164,-1.119551,0.000997,,,,,,,,
S9,L2,L_Shd_Angle,124.898003,-14.813025,-76.841072,1,,,,,,,
S9,L2,Model_COG_VEL,-0.746519,-2.810083,-0.489911,,,,,,,,
S9,L2,Neck_Angle,39.152332,22.922611,1.843607,,,,,,,,
S9,L2,R_Ankle_Angle,29.019972,-8.73768,-8.954056,,,,,,,,
S9,L2,R_Hip_Angle,46.155621,13.025026,-12.903897,,,,,,,,
S9,L2,R_Knee_Angle,-46.080597,-4.276037,0.000397,,,,,,,,
S9,L2,R_Shd_Angle,6.832541,-27.13582,-53.870186,1,,,,,,,
S9,L2,Trunk_Angle,-45.084904,-15.197597,-17.595526,,,,,,,,
S9,L2,Trunk_Seg_Angle,95.804146,53.13406,-178.906464,,,,,,,,
S9,L3,L_Ankle_Angle,29.662888,-0.316974,-17.464289,,,,,,,,
S9,L3,L_Hip_Angle,88.812126,10.29215,1.760708,,,,,,,,
S9,L3,L_Knee_Angle,-77.813515,19.447353,-0.010184,,,,,,,,
S9,L3,L_Shd_Angle,121.225807,-9.182976,-65.613991,1,,,,,,,
S9,L3,Model_COG_VEL,-0.844175,-2.871839,-0.217117,,,,,,,,
S9,L3,Neck_Angle,36.193443,10.41238,11.77632,,,,,,,,
S9,L3,R_Ankle_Angle,-20.357609,17.043125,1.56584,,,,,,,,
S9,L3,R_Hip_Angle,31.814905,-3.844723,-36.093365,,,,,,,,
S9,L3,R_Knee_Angle,-13.87431,-6.169474,0.009149,,,,,,,,
S9,L3,R_Shd_Angle,28.550879,-50.180046,-25.214285,1,,,,,,,
S9,L3,Trunk_Angle,-25.378237,-14.58565,-28.524906,,,,,,,,
S9,L3,Trunk_Seg_Angle,98.207977,13.766989,168.846848,,,,,,,,
S9,LND2,L_Ankle_Angle,24.982595,-9.830812,-10.931383,,,,,,,,
S9,LND2,L_Hip_Angle,80.48114,27.014664,-40.582664,,,,,,,,
S9,LND2,L_Knee_Angle,-64.691635,-14.793703,0.013745,,,,,,,,
S9,LND2,L_Shd_Angle,54.959568,43.26598,-27.012737,1,,,,,,,
S9,LND2,Model_COG_VEL,-0.397449,-2.517454,-0.166731,,,,,,,,
S9,LND2,Neck_Angle,50.113514,8.883336,-14.066499,,,,,,,,
S9,LND2,R_Ankle_Angle,-13.163075,8.626951,-10.671042,,,,,,,,
S9,LND2,R_Hip_Angle,27.571426,-25.244812,-1.796257,,,,,,,,
S9,LND2,R_Knee_Angle,-28.562052,2.593736,0.003813,,,,,,,,
S9,LND2,R_Shd_Angle,98.437614,10.746657,30.811708,1,,,,,,,
S9,LND2,Trunk_Angle,-27.574001,-2.649049,1.668827,,,,,,,,
S9,LND2,Trunk_Seg_Angle,96.079132,-19.137217,-177.419266,,,,,,,,
S9,R1,L_Ankle_Angle,-24.3827,9.232601,7.129424,,,,,,,,
S9,R1,L_Hip_Angle,23.590412,-6.98836,-6.647077,,,,,,,,
S9,R1,L_Knee_Angle,-14.245408,-6.104526,0.004017,,,,,,,,
S9,R1,L_Shd_Angle,98.621941,4.353572,-50.649895,1,,,,,,,
S9,R1,Model_COG_VEL,-0.724388,-2.889812,-0.058875,,,,,,,,
S9,R1,Neck_Angle,32.599957,-8.252234,35.886253,,,,,,,,
S9,R1,R_Ankle_Angle,28.473335,-3.538342,-7.526808,,,,,,,,
S9,R1,R_Hip_Angle,47.158333,-5.943392,-5.696908,,,,,,,,
S9,R1,R_Knee_Angle,-46.528564,7.802235,0.011101,,,,,,,,
S9,R1,R_Shd_Angle,4.234243,-71.485291,-49.738003,1,,,,,,,
S9,R1,Trunk_Angle,-23.843988,9.948954,-24.798058,,,,,,,,
S9,R1,Trunk_Seg_Angle,76.699425,6.68553,174.3479,,,,,,,,
S9,R2,L_Ankle_Angle,-12.083099,17.004309,-3.719464,,,,,,,,
S9,R2,L_Hip_Angle,35.056908,5.957977,-2.314543,,,,,,,,
S9,R2,L_Knee_Angle,-57.986168,-8.766337,0.027654,,,,,,,,
S9,R2,L_Shd_Angle,75.341354,-4.957391,-36.463978,,,,,,,,
S9,R2,Model_COG_VEL,-0.147188,-2.589983,-0.532065,,,,,,,,
S9,R2,Neck_Angle,27.637205,-13.285831,13.959897,,,,,,,,
S9,R2,R_Ankle_Angle,19.84664,-11.185846,-5.452675,,,,,,,,
S9,R2,R_Hip_Angle,45.629772,-4.135367,1.053783,,,,,,,,
S9,R2,R_Knee_Angle,-53.776489,8.480905,-0.005588,,,,,,,,
S9,R2,R_Shd_Angle,-1.28414,-63.313053,-56.039986,1,,,,,,,
S9,R2,Trunk_Angle,-24.462322,5.029873,-31.831961,,,,,,,,
S9,R2,Trunk_Seg_Angle,69.27916,10.461375,172.032394,,,,,,,,
S9,RND1,L_Ankle_Angle,14.681963,-12.229144,-14.249986,,,,,,,,
S9,RND1,L_Hip_Angle,42.745941,9.043949,-0.070472,,,,,,,,
S9,RND1,L_Knee_Angle,-34.3027,5.762871,-0.009201,,,,,,,,
S9,RND1,L_Shd_Angle,59.002434,69.845634,-14.677003,1,,,,,,,
S9,RND1,Model_COG_VEL,0.523371,-2.916793,-0.105098,,,,,,,,
S9,RND1,Neck_Angle,32.797394,18.000557,-27.944698,,,,,,,,
S9,RND1,R_Ankle_Angle,-16.019926,13.229828,-10.731627,,,,,,,,
S9,RND1,R_Hip_Angle,22.720364,-4.097024,-2.923105,,,,,,,,
S9,RND1,R_Knee_Angle,-33.394341,-0.382627,-0.001745,,,,,,,,
S9,RND1,R_Shd_Angle,106.879982,5.008842,36.705757,1,,,,,,,
S9,RND1,Trunk_Angle,-21.562868,-1.79339,22.901648,,,,,,,,
S9,RND1,Trunk_Seg_Angle,68.277184,-10.305555,-177.365784,,,,,,,,
S9,RND2,L_Ankle_Angle,15.520504,-14.260136,-7.979835,,,,,,,,
S9,RND2,L_Hip_Angle,39.235714,3.642099,-3.219928,,,,,,,,
S9,RND2,L_Knee_Angle,-45.616894,8.58827,0.019167,,,,,,,,
S9,RND2,L_Shd_Angle,-30.513891,67.214828,86.773743,1,,,,,,,
S9,RND2,Model_COG_VEL,0.430073,-3.063426,-0.221172,,,,,,,,
S9,RND2,Neck_Angle,25.934826,15.821312,-23.293259,,,,,,,,
S9,RND2,R_Ankle_Angle,-16.639074,12.781594,-9.635793,,,,,,,,
S9,RND2,R_Hip_Angle,21.1362,-1.505526,7.890747,,,,,,,,
S9,RND2,R_Knee_Angle,-48.710232,-1.489815,-0.032113,,,,,,,,
S9,RND2,R_Shd_Angle,107.566284,-10.315502,61.868374,,,,,,,,
S9,RND2,Trunk_Angle,-18.641748,-7.079163,26.538242,,,,,,,,
S9,RND2,Trunk_Seg_Angle,67.466461,-2.564268,176.755112,,,,,,,,
